row ID,row m/z,row retention time,POS_004_Acetylportentol.mzXML Peak area,POS_007_12_Desoxydiacetylpyxinol.mzXML Peak area,POS_008_12_Desoxypyxinol.mzXML Peak area,POS_002_2_Hydroxy_4_6_dimethoxyacetophenone.mzXML Peak area,POS_011_Bourgeanic_acid.mzXML Peak area,POS_012_Caperatic_acid.mzXML Peak area
2,274.27412030000005,3.254916667,92363027.71,105207187.0,107861267.0,95621919.01,120136550.6,105147214.5
3,184.985714,8.417435000000001,39678457.18,49623329.68,44988623.12,44828960.84,44733369.83,43340231.97
7,776.2340156,7.330525926,14586230.31,38483278.91,14860199.19,9600507.057,17749490.88,22701652.67
12,327.0084724,3.498708333,35201353.04,52907849.66,54408326.21,52438898.56,51996791.81,55020169.82
13,852.2315892000001,7.627770237999999,19981183.63,35206818.2,22311805.61,12068087.97,25179556.98,38997568.68
18,144.98227769999997,8.496935,7674727.164,32801790.98,6133022.921,9026273.773,0.0,6438474.264
23,181.01482980000003,8.423690741,0.0,6454643.307999999,5951090.352000001,5299324.538,0.0,0.0
26,485.3992462000001,7.224153332999999,0.0,21447687.11,0.0,0.0,0.0,0.0
28,287.888773,8.555329167,45130516.92,45704342.6,46650369.41,43596229.92,902947.7071,47074471.63
32,332.9167252,8.426504167000001,4071431.828,4733674.66,4377405.977,4063865.145,3952741.452,4246158.712
34,926.2692871,7.874864912,6193908.596,11324160.57,6809941.447000001,4156282.938,0.0,0.0
36,247.1668633,8.416564815,0.0,3479856.508,3254065.92,2459358.273,0.0,2889786.251
37,145.1338255,8.415253704,3474707.6410000003,4151271.005,4149593.808,2841750.318,4095063.305,3670149.518
38,762.1804657,7.298177777999999,1549129.324,5223893.013,1500805.2769999998,969474.9026,1991452.123,2803423.646
39,656.2266032000001,6.661416667,0.0,8288997.501,4385458.569,3312601.456,0.0,0.0
41,331.0023397,3.492316667,581030.0542,16134221.52,16604934.17,16248361.1,15873900.02,16730147.79
43,146.980427,8.494194927999999,3538877.6780000003,15654853.49,2855697.864,11768195.72,14809904.53,2934415.361
46,143.9592056,8.425794444,3838371.243,4736233.85,5223556.368,4617911.723,4487081.984,4098914.318
47,730.2454136,7.040128571,0.0,5984644.049,2846208.757,2295016.148,0.0,0.0
48,912.1971523,7.259035713999999,1438523.211,6242580.705,1102647.932,1203739.639,1917884.792,0.0
49,354.2852037,3.969894444,13284556.8,8088241.357999999,7602520.412,17192658.88,7230559.286,6133331.425
50,786.2537028,7.760051852,19421403.01,11152753.97,0.0,0.0,0.0,0.0
51,199.9879214,8.523969444,0.0,19851734.55,0.0,0.0,20522009.72,0.0
54,138.9953918,8.487444444,11998776.85,12369129.06,11819649.04,12622083.7,12089949.04,12866372.26
55,582.2072245,6.171366667000001,0.0,6400628.36,280732.364,2560007.346,0.0,0.0
58,799.2485221,7.764036905,13422652.76,8588268.635,0.0,0.0,178365.0895,6308012.749
61,386.2908829,4.601595,0.0,6653937.356000001,1281998.219,0.0,0.0,0.0
63,172.97715380000002,0.280654167,13028879.42,11309586.3,11829222.48,16201181.8,11006213.96,11989554.18
67,194.1180385,3.392915152,0.0,8675402.318,0.0,0.0,0.0,0.0
70,195.9936707,8.447553333,7353326.063999999,7589282.641,6804345.226,7888915.465,7884712.062000001,7500791.526000001
71,686.2192505,7.648142222000001,2116455.446,3729622.201,3018208.752,983038.0622,0.0,4410323.877
72,984.2378235,8.345781481,4875787.744,9449339.691,5200141.364,2647074.637,5047977.388,0.0
76,201.00833,0.512805556,8980083.596,7138842.416,7037526.489,10346539.9,7251258.42,7391070.874
77,880.2629111,7.624622619,2892199.387,6151597.161,4332149.2530000005,1885786.865,0.0,6695957.779
78,369.2639347,4.602238889,0.0,4564536.664,833908.9709999999,0.0,0.0,0.0
79,527.4090068,7.228538889,0.0,5310719.567,0.0,0.0,0.0,0.0
80,504.3605041999999,6.902320832999999,0.0,5249174.287,4903164.17,4829939.714,0.0,0.0
82,633.1495583,6.666534848,1426810.767,2959981.353,1490074.509,752632.9288,1979434.159,2595398.054
83,906.2595045,8.120112963,0.0,10927575.9,7698806.467,0.0,197478569.4,3437587.087
84,684.2036743,6.960566667,0.0,3400381.284,0.0,0.0,0.0,0.0
86,485.1128159,5.578111111,2182483.341,3670423.009,1889563.463,1489445.491,0.0,3075821.18
89,545.4201253,7.232844443999999,0.0,5109840.129,0.0,0.0,0.0,0.0
90,183.0781996,1.854583333,6383523.136,6706401.376,6702133.384,6740991.88,6119462.299,6706263.591
92,612.2013114,7.372914286,1042582.178,2332575.56,1288437.672,543335.2318,1560916.914,2350666.765
96,303.8834473,8.946093333,0.0,4160584.013,0.0,0.0,0.0,0.0
100,649.124644,6.661383333,0.0,2308478.742,1054436.36,605840.9236,0.0,0.0
101,158.15415190000002,2.970923333,0.0,6296531.205,0.0,0.0,6154893.917,4644261.014
103,307.188238,3.970687879,8109771.717999999,9449425.069,9805486.32,5554478.909,10847154.1,11026424.16
104,1074.308365,7.55828125,0.0,4790522.956,0.0,0.0,0.0,3240485.61
105,882.2607747000002,7.623446667,2242146.105,4274873.777,2898780.884,1353757.4330000002,0.0,4673216.01
107,228.1959831,3.026991667,7817430.555,5878530.653,5537213.017999999,12525942.11,5311110.756,4942829.569
109,207.1591797,1.591085606,6145555.37,6233003.407000001,6495076.617000001,6092581.078,6630915.481000001,6422641.47
111,881.7554626,7.216133332999999,0.0,3629750.398,0.0,0.0,0.0,0.0
112,680.4809113,8.060728333,4370660.297,4337794.261,4338777.791999999,4089231.273,0.0,0.0
114,879.7414551,7.216133332999999,0.0,3622870.846,0.0,0.0,0.0,0.0
118,302.2328938,3.966634524,6756464.25,7563710.664,8411224.396,5414834.472,8379205.286,8945337.606
119,270.2793172,5.819294444,5175262.105,3708989.376,3348531.367,7426563.749,3549205.049,2880579.3010000004
120,772.2381125,7.755215686,4500586.586,3066538.545,0.0,0.0,0.0,0.0
124,402.3577147,4.572723958,2314014.436,2525338.026,2870853.799,2289333.671,2472738.366,3451450.2610000004
125,707.1653595,7.039791667,0.0,1443818.78,611617.726,425939.4698,0.0,0.0
126,984.2332039,7.524052083,0.0,5834444.41,0.0,0.0,0.0,0.0
127,144.98231090000002,6.971121212000001,0.0,2368682.03,0.0,0.0,0.0,0.0
129,804.264712,7.338627777999999,0.0,2008849.783,2023333.306,1269653.33,2330030.004,3070720.986
132,230.2482605,3.43234375,5219297.73,5375499.826,5345432.326,5355346.131,2760525.705,3304698.51
134,817.1950977000001,7.619844,1793244.637,3525935.111,2455358.221,1016983.942,0.0,3670342.973
136,217.04725730000004,2.355809259,0.0,3911224.417,3879813.909,4204444.068,0.0,0.0
137,184.9859706,3.409133333,0.0,3455204.749,0.0,0.0,0.0,0.0
138,463.1305607,5.579709524,0.0,2110655.676,1084010.53,973213.9766,0.0,2601477.891
140,984.2355804,8.003563542,1286814.439,2251334.056,1286641.402,725589.1631,0.0,0.0
142,557.1747665,6.17905,0.0,1787403.371,1722449.5769999998,637031.6764,0.0,0.0
143,226.1801787,2.642007692,2730576.462,2018050.796,1900740.297,4162077.768,0.0,0.0
146,508.1889374,5.579476667000001,0.0,1748991.086,929753.6381,890316.0425,0.0,0.0
148,251.1618286,2.499781667,3505123.892,3965624.852,3726075.082,2918237.466,3940793.907,4001833.153
151,393.297522,6.82384,2521267.365,2343890.538,1787898.936,2563848.767,0.0,2057170.977
152,376.0604426,3.490513889,0.0,3325704.157,3509835.594,3328344.242,0.0,0.0
154,700.2356312999999,7.765894999999999,0.0,1133531.058,1072951.256,440395.2152,910329.6953,1347800.8069999998
155,686.18396,7.462552082999999,700479.3168,1132268.449,905678.4774,618007.0724,1500219.059,1538859.471
157,708.5124706,8.05310303,2606945.47,2700789.921,2658573.756,2946298.257,3843911.782,2545253.893
159,284.33128589999995,4.611079487,1988360.594,2413745.931,2371324.656,2350231.259,2407831.856,2434226.97
160,279.1591297,4.834477273,2875620.8430000003,3099869.5360000003,3348873.915,2577697.434,3984715.729,3932278.384
163,416.3736362,6.822527083,0.0,2554569.046,2210984.8340000003,2910613.832,0.0,0.0
164,226.9516106,6.9645916670000005,0.0,1557113.342,0.0,0.0,0.0,0.0
168,779.1510456,7.762532051,4211355.473,2285837.404,0.0,0.0,0.0,0.0
170,194.1177702,6.96945,0.0,1343810.92,0.0,0.0,0.0,0.0
171,878.2841056,7.590585713999999,641726.9166,1056560.501,0.0,498074.334,0.0,1087600.209
172,191.1043142,2.093425,4173683.363,3948480.372,4054002.267,3792624.214,0.0,0.0
175,341.0939102,4.647466667,2021212.842,2050234.973,2113018.394,1935741.485,2063122.111,2197821.832
176,430.38938600000006,5.008881667,1491159.043,1558860.523,1547050.408,1507066.063,1800807.2680000002,2167446.317
178,178.1227631,8.408669999999999,0.0,2382731.9590000003,2415322.328,2308170.88,2732171.238,2327511.182
179,575.1057892000001,6.175883333,659645.1124,1346271.695,0.0,430451.9363,0.0,1279313.728
180,419.315814,7.15451875,0.0,2485988.247,1523299.736,1644471.0880000002,1968079.309,1873973.529
181,744.2062798,7.448102082999999,0.0,2186405.339,0.0,0.0,70224.45942999999,2186269.976
182,380.3373093,5.466413332999999,2326353.788,2187496.473,2160461.451,2476467.227,0.0,0.0
185,424.3634866,5.382007576,2428265.57,2304012.519,2337957.325,2903711.765,0.0,0.0
187,163.13295209999998,1.695816667,2784560.38,2909337.169,2670881.436,3083059.084,0.0,2797019.204
189,245.1514282,3.828538095,3436524.605,3515705.753,3841652.269,0.0,0.0,0.0
190,287.8883266,8.9662625,0.0,1296472.058,0.0,0.0,0.0,0.0
192,124.0872033,6.966477273,0.0,997907.8734,0.0,0.0,0.0,0.0
199,598.1487325,7.108308332999999,378869.5769,904214.8428,474908.8751,192197.7451,0.0,942815.5431
200,309.22715760000006,1.986497917,1604693.872,1697006.9319999998,1691984.975,1570401.217,0.0,0.0
202,305.20923460000006,3.42886,3005621.019,3508615.56,4134750.713,3643650.19,4037286.082,0.0
203,614.1815663,7.93309058,3926812.323,823839.0354,2340309.3230000003,1010070.503,50134002.66,11581074.06
204,239.1491063,8.409894443999999,0.0,1591702.823,0.0,0.0,0.0,0.0
205,158.15413769999998,6.960572619,0.0,974248.8489,0.0,0.0,0.0,0.0
207,269.1361483,1.831091026,2004783.669,2325065.379,2547131.302,1722676.23,2357113.776,730026.3342
209,952.300487,7.869947618999999,473494.1446,962827.0226,816325.7271,635262.8645,0.0,0.0
210,130.15924070000003,6.963259091,0.0,797496.0414,0.0,0.0,0.0,0.0
211,163.0391131,6.96209697,0.0,960747.2982,0.0,0.0,0.0,0.0
212,947.2863445,8.138577083,0.0,2671833.325,1894301.734,0.0,0.0,0.0
213,436.3420181,6.8179,0.0,1564587.8930000002,1363217.071,1524920.379,0.0,0.0
214,391.2462336,4.613613889,0.0,1062626.104,153732.9666,0.0,32607.02635,0.0
216,626.2161607,7.489711538,434001.0739,804673.2017,561832.3283,284438.7824,548966.0107,931164.6188
217,414.3218323,4.60522,0.0,992895.5139,157725.2739,0.0,0.0,0.0
220,384.2748154,4.657340833,0.0,1061576.523,173159.2168,0.0,0.0,0.0
221,797.162693,7.337197917,0.0,661804.1745,451940.0507,236748.4244,553313.814,698427.6087
223,965.2959502999998,7.877369167,443735.5291,767512.3567,452947.3544,315469.4285,0.0,0.0
224,185.9845718,0.51877,0.0,1522775.97,1446374.552,2071248.73,0.0,0.0
226,716.2306335,7.0387066670000005,0.0,621131.7783,253358.7504,180395.435,0.0,0.0
227,1177.209608,8.110669298,461802.3915,2002132.423,1930805.319,0.0,0.0,0.0
228,158.1542021,3.201285714,0.0,1236031.97,1017408.19,0.0,0.0,0.0
229,151.1118719,2.111835897,2223346.3340000003,2236920.684,2231916.688,2073638.848,0.0,0.0
230,225.1098502,0.8904047620000001,0.0,2323825.801,0.0,0.0,0.0,0.0
232,372.1361084,4.3498486110000005,1146080.976,1109420.023,1118780.875,979182.0983,0.0,0.0
233,191.1793633,7.2189375,0.0,1045761.631,0.0,0.0,0.0,0.0
234,367.24796989999993,4.646937121000001,0.0,749549.9784,119679.741,0.0,0.0,0.0
235,1074.293344,8.236980769,0.0,1306882.187,1460547.136,0.0,0.0,1450112.273
237,224.1856828,1.5882742419999998,1679523.85,1655677.626,1685401.091,1737976.096,0.0,0.0
238,291.25307860000004,4.606016667,986209.2831,947697.7553,927450.0735,1005053.909,0.0,0.0
240,540.1629397999999,7.620992105,1318595.665,562692.9805,1029005.877,623972.7501,0.0,3592454.6580000003
241,295.1516987,1.663393785,1488557.1730000002,1507292.1409999998,1572019.9530000002,1295220.39,0.0,0.0
242,938.2853088,7.493008333,0.0,1124758.584,0.0,0.0,0.0,0.0
243,873.267643,7.645510417000001,337058.9062,1363248.147,0.0,0.0,0.0,0.0
244,1012.267653,8.341125641,0.0,975655.3994,643303.582,306162.8425,0.0,0.0
245,239.08904500000003,1.4886433330000002,2405585.331,1401233.0880000002,1495515.439,1313135.981,15994786.86,3110942.94
248,672.1684318,7.389412644,0.0,438395.5944,244270.1791,95120.72732,362761.2513,0.0
249,386.1518651,4.64921358,766287.7693,848689.2498,840812.8771,758977.6113,0.0,0.0
250,389.1119034,4.887335,365655.3295,464983.0141,307688.1892,318758.8513,1009544.287,619448.4
252,818.2253082000001,8.371455000000001,0.0,595305.5091,0.0,0.0,0.0,0.0
255,226.9539102,0.111238462,0.0,1320162.0259999998,0.0,0.0,0.0,0.0
256,330.2640934,4.679675,1136516.885,1390672.009,1660957.44,970927.5325,1659457.803,0.0
257,249.1849074,4.380269792,0.0,661269.3084,400311.0292,176416.4012,0.0,0.0
258,165.0911952,4.258415556,743715.3912,656096.0824,631688.3437,664733.6612,0.0,0.0
259,326.2537289,1.983538542,757567.7236,767034.7306,757945.2778,752603.4946,0.0,720117.6841
260,332.33130780000005,4.580712745,548883.6843,621606.4885,591204.9293,565344.5023,0.0,0.0
262,600.4685043,5.346314035,622888.6674,485650.0892,512362.9529,670822.7429,0.0,0.0
263,337.10494520000003,3.931585417,1010243.796,805950.4949,860443.5842,1820241.355,0.0,0.0
264,848.2727187999999,7.275443332999999,0.0,823120.9703,0.0,0.0,0.0,0.0
265,281.0511802,7.631613095,0.0,674925.8667,0.0,0.0,0.0,0.0
267,1012.304325,8.156714912,4738770.839,749603.7275,0.0,0.0,0.0,0.0
269,503.4104055,6.693016667,0.0,579311.6351,0.0,0.0,0.0,0.0
271,274.2376607,2.014244444,307640.6402,381938.2152,386109.8098,313839.7611,0.0,0.0
272,947.286109,8.414045833,0.0,287536.4445,0.0,0.0,0.0,0.0
273,198.185476,3.744883333,0.0,592707.5486,0.0,437619.106,0.0,0.0
275,427.3191742,4.56808,0.0,349678.093,0.0,0.0,0.0,0.0
276,808.2203812999999,7.007630302999999,0.0,389652.6217,0.0,0.0,0.0,0.0
280,434.1697931,4.888782292,204074.8548,253891.7527,155080.1708,166079.7626,0.0,0.0
281,670.1885109,8.153927083,397127.1723,272746.9709,398168.4902,98660.10334,4697729.06,1015467.882
282,149.023512,3.222901282,0.0,573945.9344,574500.9722,0.0,276486.9127,441243.5523
284,282.27936980000004,5.849433333,0.0,453499.9875,418442.6722,433414.2565,0.0,0.0
286,593.1576772999999,6.655084615,0.0,148054.85199999998,0.0,0.0,0.0,0.0
287,325.2253963,4.397404762,268396.0948,281600.7442,254296.2046,461070.5541,0.0,0.0
288,427.068027,4.884544048,107182.8273,186387.1752,114845.2211,31633.566000000003,0.0,0.0
290,938.2854513,7.918798611000001,941643.1992,168332.8162,79357.56961,0.0,897187.7227,0.0
291,167.01302080000002,8.373188889,36998863.37,31713612.93,33382685.92,32492614.57,37465931.73,41601273.28
292,313.2365166,4.597894118,504051.7793,595229.3948,597762.9595,478783.1225,0.0,0.0
293,457.3040195,4.720783333,331549.0893,232474.569,242304.5241,555558.6602,0.0,0.0
294,940.2243379,7.276657018,0.0,54182.75218,0.0,0.0,0.0,0.0
295,878.2839266000001,7.931232352999999,2429456.181,168391.608,0.0,0.0,0.0,0.0
297,400.3074748,4.607227778,0.0,184301.5362,0.0,0.0,0.0,0.0
298,211.16942340000003,2.942466667,0.0,272057.7006,0.0,0.0,0.0,0.0
299,297.2421794,5.010457778,0.0,448044.699,494878.3104,577242.7828,0.0,0.0
301,785.1462484,7.006726667000001,0.0,217800.9441,0.0,0.0,0.0,0.0
302,940.227634,7.266313889,0.0,48950.9995,0.0,0.0,786819.7789,0.0
304,177.0548201,3.236085417,167306.4837,191974.123,157545.7822,0.0,217493.3516,189345.2473
305,228.2324054,4.991361712,285203.4161,368246.9219,361737.0427,306645.3853,0.0,0.0
306,265.1410273,1.666840909,0.0,516418.185,0.0,0.0,0.0,0.0
308,173.0801737,1.502129825,659139.938,61346.10672,0.0,0.0,4295365.201,1065459.235
310,638.2168932,7.933180702,659153.3479,120894.9056,373694.8131,207851.0635,0.0,0.0
311,131.5338217,8.349023611,80933.4218,48143.47599,51217.71791,99759.0482,0.0,2536953.249
312,412.3068154,4.66060303,0.0,161266.54,0.0,0.0,0.0,0.0
314,262.1650462,1.491942157,472604.139,329076.2096,351648.7049,296281.1221,0.0,0.0
315,652.4117160000001,1.636885185,51840.38604,66232.45298,81176.72211,37225.9839,0.0,0.0
316,372.1360697,4.376015385,0.0,138017.8932,0.0,0.0,1192599.143,0.0
317,357.2358093,1.6997416669999998,74226.3584,83814.12599,100626.5529,80620.32675,0.0,0.0
318,780.1912384,7.011272619,0.0,185652.3039,0.0,0.0,0.0,0.0
319,256.2635864,5.709136667,0.0,280932.1763,246110.0085,315073.0136,0.0,274444.2374
320,635.1298264999999,6.543707692000001,0.0,72475.39482999999,0.0,0.0,0.0,0.0
321,722.5056997,5.114265385,229321.8383,138797.9954,257395.8489,256294.5489,0.0,0.0
322,332.2797682,5.200801852,0.0,244987.1774,258643.7065,260912.1839,0.0,0.0
324,1220.345915,8.29062549,0.0,152751.4136,0.0,0.0,0.0,0.0
325,389.2294998,4.636151389,0.0,114535.2529,0.0,0.0,0.0,0.0
326,172.13331330000003,1.388589394,409568.9951,434998.3133,394198.5794,395817.5602,0.0,0.0
327,192.1386294,3.1882142860000005,0.0,257167.3498,0.0,0.0,0.0,0.0
328,223.0648386,7.23055,0.0,82709.95013,0.0,0.0,0.0,0.0
329,317.1151485,4.821879167,147682.0121,192214.1166,225446.6939,0.0,0.0,0.0
330,680.4812866000001,7.68363,0.0,174962.5287,0.0,418931.3526,0.0,0.0
331,245.0788717,3.237789583,0.0,128865.5715,105891.908,0.0,0.0,0.0
332,266.2112512,4.330703703999999,188691.9951,150785.9523,0.0,164590.6843,0.0,763222.5447
333,216.1960034,2.368952778,0.0,110049.3385,93430.40884,133411.3533,0.0,0.0
334,325.2487742,2.4625125,0.0,46170.92001,0.0,0.0,0.0,53287.33543
336,241.068295,1.6613369569999998,390719.2284,83794.03933,182538.5367,0.0,0.0,0.0
337,584.4378375,5.623787255,172962.5723,136903.3012,170679.6799,201787.2081,0.0,0.0
338,234.1336768,1.7371740000000002,0.0,241691.0243,0.0,0.0,0.0,0.0
339,1056.298065,7.930558333,0.0,132822.0348,451684.7745,0.0,0.0,0.0
340,286.9579742,2.594093333,0.0,73740.68944,52417.73096,49582.15583,0.0,62605.38329
341,175.1482824,2.9792333330000003,0.0,283087.1817,273115.0714,357403.9308,250170.8389,0.0
342,355.2250751,4.601211905,112692.6777,90996.54997,91394.43626,159307.842,0.0,0.0
343,382.3165417,3.971458333,111689.1666,66558.2067,67700.42395,209809.7249,0.0,0.0
344,263.0562202,3.055856481,0.0,69642.47461,38057.74072,0.0,0.0,0.0
345,323.1822978,2.638842222,0.0,62230.25792999999,83272.19311000001,0.0,0.0,0.0
347,223.0638474,4.0902907410000005,78741.71676,65617.2683,48185.04689,56276.630970000006,0.0,0.0
348,332.14957810000004,3.939995833,56879.38945,48156.18501,0.0,403148.916,0.0,0.0
349,273.91692810000006,6.1950266670000005,0.0,119980.4944,0.0,0.0,0.0,0.0
351,243.0842812,3.299688333,0.0,116743.5351,0.0,0.0,0.0,0.0
352,315.12275510000006,3.921924306,84944.36321,52063.75316,38021.66213,314732.1914,0.0,0.0
353,425.302196,4.635188095,0.0,29709.90642,0.0,0.0,0.0,0.0
354,205.1435905,5.001415,0.0,45741.53403,0.0,0.0,151836.3871,0.0
355,263.2006353,4.629738889,0.0,40979.20799,0.0,0.0,0.0,0.0
356,217.10502430000005,0.6061125,0.0,61648.59775,0.0,0.0,0.0,0.0
357,197.08104,3.107345238,0.0,0.0,0.0,5966589888.0,0.0,0.0
358,211.0960999,3.67805,0.0,0.0,0.0,3029059745.0,0.0,0.0
359,179.07042119999997,3.1146958330000003,0.0,0.0,0.0,72065108.23,0.0,0.0
361,446.0656738,3.117533333,0.0,0.0,0.0,14439222.03,0.0,0.0
362,874.7874015000001,8.33692381,42151904.74,0.0,6202438.395,34425033.48,0.0,0.0
363,193.0862236,3.584358333,0.0,0.0,0.0,24826826.59,0.0,0.0
364,900.8020691,8.3379,36086054.22,0.0,5952742.512,29002637.15,0.0,0.0
365,281.0332642,3.117533333,0.0,0.0,0.0,17727225.49,0.0,0.0
366,322.0596619,3.117533333,0.0,0.0,0.0,13623042.53,0.0,0.0
367,337.0240021,3.1099333330000003,0.0,0.0,0.0,14000944.59,0.0,0.0
368,292.0265198,3.1251,0.0,0.0,0.0,12005497.85,0.0,0.0
370,852.2498224,7.588972727000001,0.0,0.0,0.0,4127669.142,0.0,0.0
371,155.07032780000003,3.132158333,0.0,0.0,0.0,11027156.98,0.0,0.0
372,158.9614487,0.359941667,0.0,0.0,0.0,14289679.95,0.0,0.0
373,335.0535278,3.117533333,0.0,0.0,0.0,10608934.16,0.0,0.0
374,182.0573502,3.117533333,0.0,0.0,0.0,7326344.86,0.0,0.0
375,848.7709689999999,8.337807407,14591228.48,0.0,0.0,12904397.55,0.0,0.0
376,144.9825638,7.213403333,0.0,0.0,7756469.129,12474614.8,0.0,0.0
377,151.075161,3.147266667,0.0,0.0,0.0,7584859.671,0.0,0.0
378,276.0539627,3.103983333,0.0,0.0,0.0,5410294.779,0.0,0.0
379,295.9972839,3.1251,0.0,0.0,0.0,7244268.107000001,0.0,0.0
382,168.0491638,3.133066667,0.0,0.0,0.0,3623910.368,0.0,0.0
384,349.06973270000003,3.663383333,0.0,0.0,0.0,4200127.777,0.0,0.0
385,183.065361,2.22225,0.0,0.0,0.0,2661281.989,0.0,0.0
386,158.9614283,2.04815,0.0,0.0,0.0,1749528.774,0.0,0.0
387,169.0860291,3.663383333,0.0,0.0,0.0,4135717.981,0.0,0.0
388,306.0420837,3.6478,0.0,0.0,0.0,2661513.016,0.0,0.0
389,146.9808044,7.213072222,0.0,0.0,0.0,5839024.175,0.0,0.0
390,223.0602163,2.6001,0.0,0.0,0.0,1923758.459,0.0,0.0
392,186.956295,0.4623583329999999,0.0,0.0,0.0,3748901.51,0.0,3566381.403
393,295.049408,3.663383333,0.0,0.0,0.0,2407923.329,0.0,0.0
394,196.072403,3.634616667,0.0,0.0,0.0,3018640.4510000004,0.0,0.0
396,239.0905228,3.4459,0.0,0.0,0.0,1436657.0869999998,0.0,0.0
397,124.0869379,8.243296875,0.0,0.0,0.0,495907.1233,0.0,488798.3076
398,176.97198490000002,0.441833333,0.0,0.0,0.0,3259961.975,0.0,0.0
399,926.2584152,7.977008333,227560.0006,0.0,0.0,338986.8752,0.0,0.0
400,447.34764400000006,3.631083333,0.0,0.0,0.0,2474168.7830000003,0.0,0.0
401,171.14922180000002,2.29852,0.0,0.0,0.0,605577.108,0.0,0.0
402,141.9586945,2.052616667,0.0,0.0,0.0,510115.6806,0.0,0.0
403,832.2414246000001,7.811183333,0.0,0.0,0.0,2599029.978,0.0,0.0
404,468.389783,5.27410303,0.0,0.0,0.0,1416789.441,0.0,0.0
405,163.03907009999998,2.055825,0.0,0.0,0.0,363356.1759,0.0,0.0
406,1146.329072,8.373592,0.0,0.0,0.0,737865.5221,0.0,1084645.076
408,1046.203735,7.978583332999999,1329570.888,0.0,1428829.7769999998,717424.2099,0.0,1213361.712
409,834.240448,7.801608333,0.0,0.0,0.0,1827424.169,0.0,0.0
410,236.9069374,0.230098333,0.0,0.0,0.0,545776.6766,0.0,0.0
411,880.2721693,7.595727778,0.0,0.0,0.0,307677.0791,0.0,0.0
412,1012.306786,7.8111375,0.0,0.0,0.0,463841.1635,271963.7801,0.0
413,209.0444794,3.02566,0.0,0.0,0.0,482435.43,0.0,0.0
414,940.2286421,7.258852381,0.0,0.0,540020.1147,380427.0104,0.0,0.0
415,175.05778759999998,0.2468638889999999,0.0,0.0,0.0,147865.7646,0.0,0.0
416,263.1256585,2.414039744,1361855.36,0.0,0.0,311440.8098,0.0,0.0
417,376.1757202,3.981666667,0.0,0.0,0.0,456114.0094,0.0,0.0
418,294.2040558,3.274841667,0.0,0.0,0.0,204697.7954,0.0,0.0
419,277.0696487,2.714316667,0.0,0.0,0.0,271008.9541,0.0,0.0
420,381.1312154,3.974716667,0.0,0.0,0.0,273938.6322,0.0,0.0
421,207.1591434,1.887579167,0.0,0.0,0.0,105795.9427,0.0,0.0
422,878.8108276,8.361833333,0.0,0.0,0.0,641641.5299,0.0,0.0
424,441.7881114,1.300222222,0.0,0.0,0.0,616349.2513,0.0,0.0
426,310.2589671,4.012488889,0.0,0.0,0.0,219811.4407,0.0,0.0
427,300.2000809,1.104266667,87722.93382,0.0,51965.26935,188531.8309,0.0,0.0
428,712.2344666,8.332533332999999,0.0,0.0,346642.3379,156113.5503,0.0,0.0
430,294.8612518,1.306925,0.0,0.0,0.0,305658.6694,0.0,0.0
431,350.2066142,1.3517,0.0,0.0,0.0,114231.9862,0.0,0.0
433,211.0956366,2.4983,0.0,0.0,0.0,72278.24842,0.0,0.0
434,517.9030151000001,4.3338,0.0,0.0,0.0,386817.1872,0.0,0.0
435,209.0808269,2.191630952,0.0,0.0,0.0,104148.9089,0.0,0.0
436,242.2119083,3.389358333,0.0,0.0,0.0,249570.9875,0.0,0.0
437,564.1978166,7.621868518999999,180265.292,0.0,0.0,64822.765660000005,0.0,512963.72
438,540.4111192,5.64672037,0.0,0.0,251974.7311,360970.4743,0.0,0.0
439,986.2345689,7.621853922000001,0.0,0.0,0.0,178026.4885,0.0,0.0
440,376.3135071,4.670308333,0.0,0.0,0.0,116765.7473,0.0,0.0
441,762.1796544,7.036966667000001,145599.5556,0.0,0.0,49373.23938,209944.3262,133683.3358
442,984.2389771,7.948826667,0.0,0.0,0.0,188353.2292,0.0,1994744.704
443,180.1747437,2.6610083330000003,0.0,0.0,0.0,65746.97649,0.0,0.0
444,159.065272,1.664890741,198658.7221,0.0,80180.92408,54847.520410000005,3267624.877,892658.6816
445,277.1415198,2.128769048,0.0,0.0,0.0,204590.3565,282743.7116,0.0
446,659.2870544,5.93646,0.0,0.0,61299.61781,36014.71524,55675.29429,0.0
447,347.21950150000004,4.2907375,0.0,0.0,0.0,51715.0534,0.0,0.0
448,443.3885905,6.1645,0.0,0.0,452372679.2,0.0,0.0,0.0
449,832.2410672999999,7.615943137,3547395.901,15188101.94,355638694.6,0.0,5319544.862,8331194.345
450,425.3770752,6.1736,0.0,0.0,153514277.4,0.0,0.0,0.0
451,461.3991394,6.162433332999999,0.0,0.0,41482362.15,0.0,0.0,0.0
452,483.3812256,6.162433332999999,0.0,0.0,19744291.57,0.0,0.0,0.0
453,876.8010254000001,8.365719047999999,0.0,0.0,28343360.12,0.0,0.0,18057787.12
454,902.8160217,8.35448,0.0,0.0,24245411.03,0.0,0.0,0.0
455,191.179479,6.167361111,0.0,0.0,6609587.107999999,0.0,0.0,0.0
456,194.1176544,2.00559,0.0,0.0,2684136.944,0.0,0.0,0.0
457,125.9864435,1.990483333,0.0,0.0,2347394.08,2433192.971,0.0,0.0
458,1021.306419,8.416552083,0.0,0.0,2246448.273,0.0,0.0,0.0
459,980.2790866,8.407796296,0.0,0.0,4348370.143,0.0,0.0,0.0
460,407.3675842,6.162433332999999,0.0,0.0,5039354.42,0.0,0.0,0.0
462,143.1068878,6.179683333,0.0,0.0,5291912.242,0.0,0.0,0.0
463,850.7873802000001,8.331883333,0.0,0.0,9461714.229,0.0,0.0,0.0
464,874.7873076999999,7.353033333,0.0,0.0,7811360.549,0.0,0.0,0.0
465,760.2338649000001,7.954352381,0.0,0.0,3154143.6210000003,0.0,0.0,0.0
466,1073.310715,7.57585,10312302.43,0.0,4685615.023,0.0,0.0,0.0
467,184.98582,6.271776667,0.0,0.0,4226182.387,0.0,0.0,0.0
469,524.4082642,6.162433332999999,0.0,0.0,2658162.385,0.0,0.0,0.0
470,860.2710944,7.618740741,0.0,0.0,6201162.112000001,0.0,0.0,0.0
471,217.195343,6.162433332999999,0.0,0.0,2503041.002,0.0,0.0,0.0
472,163.0393906,3.427553333,0.0,0.0,2255668.195,0.0,0.0,0.0
474,478.42550660000006,6.187316667,0.0,0.0,2497149.726,0.0,0.0,0.0
475,140.06830680000002,6.014588889,0.0,0.0,3600982.034,0.0,0.0,0.0
476,125.9864866,5.25014359,0.0,0.0,1056305.0159999998,0.0,6492398.54,0.0
478,158.9617259,3.412194444,0.0,0.0,1430158.029,0.0,0.0,0.0
479,761.2193259,7.750184783,0.0,0.0,2309104.619,0.0,0.0,0.0
480,139.9881248,3.340875,0.0,0.0,1446832.064,0.0,0.0,0.0
481,171.1495187,3.392269048,0.0,0.0,1617582.0269999998,0.0,0.0,0.0
482,846.2556534,7.632245833,0.0,0.0,2099657.548,0.0,0.0,0.0
483,199.9882233,3.358203333,0.0,0.0,1029598.404,0.0,0.0,0.0
484,208.039856,3.411536667,0.0,0.0,1208989.071,0.0,0.0,0.0
485,193.1435369,1.119755556,0.0,0.0,1340155.702,0.0,0.0,0.0
486,281.0521952,7.629569443999999,0.0,0.0,386577.5798,0.0,0.0,389552.8926
487,251.184984,1.974657407,0.0,0.0,172831.534,0.0,0.0,0.0
488,1086.324001,8.127433332999999,0.0,0.0,400570.5927,0.0,0.0,0.0
489,1056.293221,7.862464582999999,0.0,0.0,189746.3603,0.0,0.0,0.0
490,474.3956401,6.026827778,0.0,0.0,149961.8085,0.0,0.0,0.0
493,230.2480151,5.074994444,0.0,0.0,63578.85189,0.0,0.0,0.0
495,1056.279635,8.188401282000001,0.0,0.0,173123.1195,0.0,0.0,0.0
496,432.332489,6.161286667000001,0.0,0.0,203684.2099,0.0,0.0,0.0
497,1056.289408,8.175509259,0.0,0.0,167324.8878,0.0,0.0,0.0
498,1221.346504,8.249620833,0.0,0.0,115092.4066,0.0,0.0,0.0
500,297.2403573,5.3827676470000005,0.0,0.0,78880.73816000001,0.0,1064327.539,0.0
501,1012.268155,8.058708333,0.0,0.0,23181.26913,0.0,0.0,0.0
502,437.1934433,3.802658333,0.0,0.0,35117.33422,0.0,0.0,0.0
503,293.1732483,3.596079167,838908176.8,0.0,0.0,0.0,0.0,0.0
504,370.2225952,3.529116667,163771286.4,0.0,0.0,0.0,0.0,0.0
506,375.1780319,3.5354,116020094.7,0.0,0.0,0.0,0.0,0.0
508,182.9853394,8.501946667,177143316.9,179698529.7,172658102.9,178844345.9,190035851.3,179249096.1
510,139.9880753,8.429033333,27388854.84,106261.0501,89412.95173,141243.6633,31542663.65,31008211.11
512,353.1947937,3.528269444,41165447.47,0.0,0.0,0.0,0.0,0.0
514,249.1849264,4.056712963,44923417.29,0.0,0.0,0.0,0.0,431664.4852
515,727.3663635,3.529116667,25556821.88,0.0,0.0,0.0,0.0,0.0
517,186.9812796,8.427933333,15633223.26,16376598.38,17726370.05,39950.36589,18270451.24,14878965.96
521,702.2145081,7.035344444,15093112.49,31438116.45,13585393.6,10521414.12,18374102.33,25631922.63
523,874.786499,8.001833332999999,31740894.78,0.0,0.0,0.0,0.0,0.0
526,850.2502035,7.592440741,10490235.61,15413506.24,9834295.575,6888782.932,0.0,16816804.11
527,416.2061768,3.457075,17685997.43,0.0,0.0,0.0,0.0,0.0
528,163.0390388,2.352438889,33233280.93,32196128.77,32786961.13,31950170.45,33610694.83,33041363.32
530,309.2059097,4.228166667,19085541.76,0.0,0.0,0.0,0.0,0.0
531,153.1273956,3.5367,17150108.24,0.0,0.0,0.0,0.0,0.0
532,255.9446805,8.429158333,4306930.072,5309902.963,4916756.58,4169349.07,5577981.712,5582951.03
533,478.1750488,3.521616667,17142903.23,0.0,0.0,0.0,0.0,0.0
534,275.16432189999995,3.45445,15362414.13,0.0,0.0,0.0,0.0,0.0
535,852.2471275,7.595745833,6283340.285,0.0,0.0,0.0,0.0,0.0
544,391.1517944,3.529116667,11038089.42,0.0,0.0,0.0,0.0,0.0
545,167.01318930000002,3.417120833,3215867.862,0.0,0.0,0.0,0.0,0.0
547,167.01307419999998,4.067977778,15188520.44,0.0,0.0,0.0,0.0,0.0
549,554.1764373999999,6.175754167000001,6915754.615,14112128.32,13564035.57,5187908.903,11117982.34,13350993.6
550,167.0129128,4.314583333,4313910.513,0.0,0.0,0.0,0.0,3869829.158
551,372.066786,3.506349074,4325957.586,10891935.62,11882840.4,11136152.51,11359460.34,12243394.46
553,374.0635732,3.49505,4201419.656,0.0,0.0,0.0,0.0,0.0
556,326.23316960000005,4.039866667,8038525.687999999,0.0,0.0,0.0,0.0,321934.892
558,656.2268066,6.662383332999999,4701814.196,0.0,0.0,0.0,0.0,0.0
560,702.2143440000001,7.475725,4824753.957,8387002.94,5420146.207,3500847.633,5871973.539,8404052.522
566,235.1669769,2.93515,5650192.457,5012519.541,4821580.797,5330465.721,5141271.437,5352351.629
567,331.1888519,4.04814,7130018.469,0.0,0.0,0.0,0.0,570052.6681
569,231.1750107,4.10935,6137905.876,0.0,0.0,0.0,0.0,0.0
571,998.2893448,8.249145833,4440663.348,7138440.478999999,4398637.548,3091649.097,5432111.313999999,7478304.598999999
572,730.2452545,7.040491667,3178102.087,0.0,0.0,0.0,0.0,0.0
573,194.1177979,4.184247619,10424985.51,0.0,0.0,0.0,0.0,0.0
576,348.99080939999993,3.502275521,2390903.874,6483422.592999999,7239361.72,6130226.028,6522816.925,7019659.043
578,125.9866581,3.344797222,1662886.6,0.0,3622358.602,0.0,0.0,0.0
579,180.9900227,8.512320832999999,11063314.06,11100178.91,11109427.48,10957171.7,0.0,0.0
582,125.98646709999998,0.33622381,6542292.392000001,0.0,0.0,0.0,0.0,0.0
583,355.21148680000005,2.830133333,3209992.473,0.0,0.0,0.0,0.0,0.0
585,350.9878139,3.50159375,2367760.899,6364656.438999999,6666287.533,5800545.756,0.0,0.0
586,125.9865395,4.15005,7038583.15,0.0,0.0,0.0,0.0,0.0
587,1146.326057,8.377927778,3885489.366,0.0,0.0,0.0,0.0,0.0
590,906.2584229,8.340083332999999,7997347.175,0.0,0.0,0.0,0.0,0.0
591,250.1778056,3.031206944,6750046.4520000005,5179720.523,5144784.83,10028461.43,4549021.5,4542261.642
592,184.9857496,4.231652778,5090768.01,0.0,0.0,0.0,0.0,0.0
595,582.2076823,6.178605556,3169340.108,0.0,0.0,0.0,0.0,0.0
596,251.0003204,3.4967,2704430.257,4588760.645,4615281.914,4048526.042,4402057.498,4701867.408
599,804.2695312999999,7.3120875,1980468.98,0.0,0.0,0.0,0.0,0.0
601,391.172821,2.448316667,1954337.533,0.0,0.0,0.0,0.0,0.0
603,244.1908137,2.638019444,2765632.955,2180534.251,1966364.081,4638807.732,1880960.982,1668630.356
604,938.2857361,7.297054762,5444781.038,0.0,0.0,0.0,0.0,229171.9909
606,377.1933085,2.8387833330000003,2207514.774,0.0,0.0,0.0,0.0,0.0
607,163.03903069999998,0.300433333,3882198.558,0.0,0.0,0.0,0.0,0.0
612,376.0605596,3.500677778,1374412.743,0.0,0.0,0.0,0.0,0.0
613,517.3558853000001,6.8949366670000005,2552084.234,2579554.153,2525044.72,2264070.913,2578946.33,0.0
614,217.0472846,2.358797436,4180426.27,0.0,0.0,0.0,3857593.946000001,3761406.184
615,386.2174072,2.448316667,1693177.24,0.0,0.0,0.0,0.0,0.0
616,416.3737488,6.808269444,2911614.379,0.0,0.0,0.0,0.0,0.0
619,130.1594391,8.3379875,2680479.433,0.0,2919976.382,2178363.256,2973274.894,2709048.469
621,526.4314401,5.604269048,4134760.427,3990636.342,3737795.799,4676980.74,0.0,4076136.277
622,397.2227173,3.606125,1855193.917,0.0,0.0,0.0,0.0,0.0
626,358.0511,3.5046814810000004,1090113.418,2664567.592,2753221.907,2668724.187,0.0,0.0
627,182.985562,3.358725,685065.2431,0.0,1921901.703,0.0,0.0,0.0
629,139.9880234,4.200813333,3085230.55,0.0,0.0,0.0,0.0,0.0
630,205.1435408,2.6427439390000003,2527157.143,2696361.029,2571329.207,2425038.341,2611103.596,2464096.739
631,476.3295326000001,6.902345832999999,1997535.414,1918614.925,1789115.008,2125857.369,2089179.459,2055768.189
632,360.0481506,3.5060300000000004,1068560.512,0.0,0.0,0.0,0.0,0.0
634,354.2642568,4.037283333,3366497.095,0.0,0.0,0.0,0.0,0.0
635,400.2694702,2.844383333,1457709.509,0.0,0.0,0.0,0.0,0.0
636,163.03912730000002,4.1515583330000005,3068471.238,0.0,0.0,0.0,0.0,0.0
637,371.3157227,6.807639999999999,1863384.515,1603888.367,1353285.5269999998,2017623.976,1711258.5,0.0
640,368.4254242,5.773326667,2068138.891,1981648.432,180509.7901,2467773.647,2118480.686,2412080.903
641,279.15779110000005,3.196316667,3421622.409,0.0,0.0,0.0,0.0,0.0
642,531.4087873,7.465692857,1512599.476,1666866.985,1469525.147,1415764.576,1605756.886,1692535.004
644,205.1589762,3.919172222,2046714.678,0.0,0.0,0.0,0.0,0.0
647,649.1244368,6.664963636,1131173.538,0.0,0.0,0.0,1688272.7019999998,2073232.818
648,336.3105977,5.370388889,2306686.662,2150921.858,2231528.014,2403824.276,0.0,0.0
649,347.1621094,4.223016667,2013685.05,0.0,0.0,0.0,0.0,0.0
650,219.0189018,0.5145333329999999,2605109.535,2121970.135,2156174.177,3127807.977,0.0,0.0
651,182.9854289,4.149619048,2634619.599,0.0,0.0,0.0,0.0,0.0
654,817.2598368,7.337111111,740180.1409,608926.6706,686160.5104,435723.7851,543296.7587,965981.3076
655,155.00288390000003,0.5182958329999999,2365690.254,1764292.114,1832692.019,2742261.8030000003,1915642.553,0.0
657,468.3899558,5.37575,1482164.72,0.0,0.0,0.0,0.0,0.0
659,143.9969009,0.37751,2232686.023,0.0,0.0,0.0,0.0,0.0
661,880.2800597999999,7.594907843,467413.4133,0.0,0.0,0.0,0.0,0.0
662,171.1492822,4.219761905,735602.9121,0.0,0.0,0.0,0.0,0.0
663,654.3323669,5.940144444,1004014.355,854479.6458,1276500.643,1418756.611,1100243.528,2418924.526
664,834.2592027000001,8.380875926,828251.8927,0.0,0.0,0.0,0.0,0.0
665,689.2016093,8.314430556,1246451.175,0.0,760278.1074,296675.1238,19866747.29,0.0
666,508.1888847,5.582541667,1105092.639,0.0,0.0,0.0,0.0,0.0
667,998.2888678,7.618596032,1242293.895,0.0,0.0,340388.8833,0.0,0.0
669,274.27440260000003,3.959308333,2426034.434,0.0,0.0,0.0,0.0,0.0
671,190.9875565,0.306429167,2231035.855,1872810.942,1948965.137,2656092.352,1810651.229,2044217.716
673,947.2862216,8.406640909,2354991.287,0.0,0.0,0.0,0.0,0.0
674,130.9665604,0.453941667,1966577.761,0.0,0.0,0.0,0.0,0.0
675,272.2588043,3.494622222,1046539.561,0.0,0.0,0.0,0.0,0.0
678,191.1642313,2.5514,1134825.944,0.0,0.0,0.0,0.0,0.0
679,220.934597,0.27395,1318988.3590000002,0.0,0.0,0.0,1594028.329,0.0
681,557.1748047,6.1753416670000005,862847.048,0.0,0.0,0.0,0.0,0.0
683,258.2428551,2.934266667,996981.3776,0.0,0.0,0.0,0.0,0.0
684,178.1230803,3.418158333,602649.4713,0.0,0.0,0.0,0.0,0.0
685,556.4422675,5.274635185,2180260.669,0.0,0.0,0.0,0.0,0.0
686,177.1639071,3.130477083,973024.2134,0.0,0.0,0.0,0.0,0.0
687,288.9211146,0.251622222,1263926.426,0.0,0.0,0.0,2450230.1040000003,0.0
689,1074.304301,8.195590278,963557.4069,0.0,0.0,0.0,0.0,0.0
691,281.05148710000003,7.912984783,881471.3829,0.0,0.0,0.0,1443631.177,0.0
692,712.2358856000001,8.315041667000001,686994.668,0.0,0.0,0.0,0.0,0.0
693,266.1725149,2.641922222,686917.7277,492264.8879,441292.5499,1074561.358,0.0,0.0
695,482.4030075,7.960416667,661639.4752,0.0,0.0,0.0,0.0,0.0
697,319.2844052,5.372164815,953183.2248,0.0,0.0,0.0,0.0,0.0
698,797.1621748,7.335497619,383279.6457,0.0,0.0,0.0,0.0,0.0
699,1100.340769,7.570160256,851137.7315,0.0,0.0,0.0,0.0,0.0
700,304.8926442,0.273038889,810051.5381,0.0,0.0,0.0,0.0,0.0
701,371.101035,6.6631666670000005,468340.7167,994968.4397,455449.1562,292121.4984,645840.8062,0.0
702,413.2663625,6.806730556000001,781078.8748,0.0,0.0,0.0,0.0,0.0
703,682.3636169,5.940144444,405846.9458,0.0,0.0,0.0,513906.601,0.0
704,642.2127142999999,6.653711111000001,406110.688,0.0,0.0,0.0,0.0,0.0
705,248.9005559,0.2626,826553.4595,0.0,0.0,0.0,0.0,0.0
706,249.2061361,3.077966667,689757.2848,0.0,0.0,0.0,0.0,0.0
707,277.1790276,3.605345833,546092.8589,0.0,0.0,0.0,0.0,0.0
710,330.26429310000003,3.943692857,1360431.755,0.0,0.0,0.0,0.0,0.0
711,644.4949075000001,5.34175,453737.5884,0.0,0.0,0.0,0.0,0.0
712,388.2541615,1.132104545,408748.3948,0.0,0.0,0.0,511807.5634,484506.9645
713,221.0844915,7.920309803999999,404646.0304,0.0,0.0,0.0,1038922.591,163406.3959
714,246.243159,3.2203,153875.9808,0.0,0.0,0.0,0.0,0.0
715,195.0654704,4.103511111,790974.2563,0.0,0.0,0.0,0.0,0.0
718,716.2290522000001,7.487292361000001,244477.3399,304422.8013,208693.8905,96273.10305,1389117.499,711261.8895
719,344.2279922,1.014285,522354.6759,0.0,0.0,0.0,0.0,0.0
720,376.3219604,6.149794443999999,544475.2764,0.0,0.0,0.0,0.0,0.0
723,986.2332153,7.515453846000001,310020.4448,0.0,0.0,0.0,0.0,0.0
724,1026.323413,8.25114,218940.4132,0.0,0.0,0.0,0.0,0.0
725,236.162959,2.643440476,459828.2974,0.0,0.0,0.0,0.0,0.0
726,642.2132874,7.209683332999999,195602.7193,392252.4364,189516.2861,57062.35779,1682307.2869999998,0.0
727,342.22777560000003,3.10905,186035.5207,0.0,0.0,0.0,0.0,0.0
728,374.0637489,3.60659359,403055.1954,0.0,0.0,0.0,0.0,0.0
729,429.240567,6.802456667,315894.1845,0.0,0.0,0.0,0.0,0.0
730,223.0626984,6.165955208,199731.0514,0.0,0.0,0.0,360697.5789,444517.7875
731,836.1937533,7.558321212,165589.7704,0.0,0.0,0.0,0.0,0.0
732,223.0634567,5.726801667,184478.2076,0.0,0.0,0.0,0.0,0.0
733,782.1807556,7.332920832999999,113586.2517,0.0,0.0,0.0,0.0,0.0
734,340.3939861,5.450589394,293493.9042,0.0,0.0,0.0,0.0,386513.6652
735,637.3056641,5.936116667,147617.4163,127178.8176,194431.4538,218659.0735,0.0,407735.8449
736,848.2349386,7.981247777999999,246314.4774,0.0,0.0,0.0,0.0,0.0
737,211.16934680000003,2.703829167,169164.3057,0.0,0.0,0.0,0.0,0.0
738,225.1106501,3.166922917,470738.2303,0.0,0.0,0.0,0.0,0.0
739,371.1008943,7.047505263,105532.1862,204252.1005,88779.43252999999,0.0,0.0,193982.1599
740,494.1729562,5.579366667,106689.2516,0.0,0.0,0.0,0.0,0.0
741,557.0959061000001,7.617847500000001,115837.9333,0.0,0.0,0.0,1263482.127,297948.1739
742,281.0512611,7.929796296,113867.8398,0.0,0.0,0.0,0.0,0.0
743,595.1612472999999,7.9254125,76079.35201,0.0,0.0,0.0,0.0,0.0
744,465.3747068,7.13119881,367395.252,0.0,0.0,0.0,0.0,0.0
746,698.2188721,8.325041667,93645.99961,0.0,0.0,0.0,0.0,0.0
747,850.2514801000001,7.113298611,127264.6699,0.0,0.0,0.0,0.0,0.0
748,924.2645233,7.784988332999999,106908.4776,0.0,0.0,0.0,0.0,0.0
749,982.264445,8.169106667000001,104640.0511,0.0,0.0,0.0,0.0,0.0
750,624.2017277000001,7.928521429,85960.8192,0.0,0.0,0.0,0.0,0.0
751,309.1680647,2.743861905,111829.6636,0.0,0.0,0.0,0.0,0.0
754,441.372818,7.500691667000001,285070.2152,0.0,0.0,0.0,0.0,0.0
756,356.90946710000003,0.229781944,48955.38239,0.0,0.0,0.0,0.0,0.0
757,705.1315308,8.315036667000001,82353.3201,0.0,0.0,0.0,2304744.338,0.0
758,181.1223226,2.766969444,187484.4433,0.0,0.0,0.0,0.0,0.0
759,330.2641856,4.9975,159832.071,0.0,0.0,0.0,0.0,0.0
760,1135.252252,7.492818421,264945.5067,0.0,0.0,0.0,0.0,0.0
761,151.03535459999998,0.23687381,163503.5471,0.0,0.0,0.0,0.0,0.0
762,568.4800491000001,6.621177082999999,95459.0797,0.0,0.0,0.0,0.0,0.0
763,408.3282501,7.315125,175468.1072,0.0,0.0,0.0,0.0,0.0
764,369.2387543,3.0834333330000003,52306.40762,0.0,0.0,0.0,0.0,0.0
765,335.219617,5.043522727,226115.1849,0.0,0.0,0.0,0.0,4011834.706
766,355.0679256,7.940271429,109271.7326,0.0,0.0,0.0,0.0,0.0
767,258.24292540000005,3.013113095,120722.8902,0.0,0.0,0.0,0.0,0.0
769,349.14131160000005,3.0729,63243.6383,0.0,0.0,0.0,0.0,0.0
770,338.2326965,3.990758333,58526.24773,0.0,0.0,0.0,0.0,0.0
772,430.3892632,6.150458333,97534.85873,0.0,0.0,0.0,153128.9188,0.0
773,420.2935791,5.306883333,0.0,0.0,0.0,0.0,0.0,832639311.3
774,425.2502136,5.309483333,0.0,0.0,0.0,0.0,0.0,548793712.1
775,758.2226181,7.753251389,804427827.2,553307429.9,7576323.857000001,31305076.46,16032389.75,372241583.9
776,610.1849114,7.924392157000001,53188187.28,12105885.17,32109659.46,14353784.99,697983289.9,162284136.4
777,760.2218445,7.745195,0.0,0.0,0.0,0.0,0.0,225553916.9
778,684.2027065000001,8.314090476,0.0,0.0,0.0,0.0,0.0,135675875.1
779,827.512085,5.309483333,0.0,0.0,0.0,0.0,0.0,107289064.2
783,686.2014313,8.315872222000001,0.0,4626802.838,11580525.84,4726465.326,288343953.3,70677168.51
784,385.2578354,5.323133333,0.0,0.0,0.0,0.0,0.0,88515056.14
785,403.2688522,5.315366667,0.0,0.0,0.0,0.0,0.0,69342183.93
787,125.9864273,8.427145832999999,15756750.51,14995046.79,18242953.31,17160120.76,16904424.46,21338490.01
788,628.1956482,6.661016667,14204246.96,28368894.39,13095032.54,10413614.62,18664617.82,24004815.13
789,367.247715,5.158804167,0.0,0.0,0.0,0.0,0.0,34059907.28
791,613.1827074,7.920316667000001,9173606.765,2035728.171,5530419.476,2500101.314,0.0,28323557.41
792,441.2251968000001,4.272791667,0.0,0.0,0.0,0.0,0.0,33698118.07
793,339.2526499,5.326438888999999,0.0,0.0,0.0,0.0,0.0,33827032.66
796,461.321579,5.301766667,0.0,0.0,0.0,0.0,0.0,20291560.5
803,357.26253510000004,5.315366667,0.0,0.0,0.0,0.0,0.0,17311291.27
804,328.9153809,8.51365,27102505.91,28417369.08,26682003.34,28185939.75,28426099.42,28764001.78
808,194.117691,0.2683,5049258.468,5909799.305,5657107.683999999,9458114.101,5005034.212,5758540.139
809,858.4407958999999,5.309483333,0.0,0.0,0.0,0.0,0.0,8366236.93
811,656.2268219,6.661383333,0.0,0.0,0.0,0.0,0.0,7240171.745
813,448.3242416,4.156925,0.0,0.0,0.0,0.0,0.0,16376337.14
819,849.4934691999999,5.309483333,0.0,0.0,0.0,0.0,0.0,11391412.44
821,302.3056997,3.825088889,5317414.944,7025590.122,7107535.869,4566271.754,6537562.892999999,8085657.131
822,217.1071503,1.4877888890000002,5223221.855,3269391.59,3433879.021,3457996.211,39662111.59,7369398.105
825,582.2080282000001,6.171904444,0.0,0.0,0.0,0.0,0.0,6111593.899
826,730.2453482000001,7.03347381,0.0,0.0,0.0,0.0,0.0,5388354.887
827,984.2349854,8.360594444,0.0,0.0,0.0,0.0,0.0,10775081.0
828,453.21729280000005,5.313258333,0.0,0.0,0.0,0.0,0.0,9622874.819
829,208.0395109,8.428812821000001,0.0,0.0,0.0,0.0,0.0,3967551.716
832,404.8164429,8.565633333,15716571.94,15859908.06,15049829.64,15907051.73,16037752.09,16065458.74
833,325.2368717,5.231866667,0.0,0.0,0.0,0.0,0.0,6591847.357999999
834,822.5559387,5.317116667,0.0,0.0,0.0,0.0,0.0,5640102.77
836,218.2115768,1.89287,6042786.225,6413918.396000001,6190194.365,5580950.63,6359181.352000001,6210536.347
838,158.96146140000002,0.549544444,0.0,0.0,0.0,0.0,6578666.937999999,11531668.44
841,786.2520599,7.737965278,0.0,0.0,0.0,0.0,0.0,7365579.954
844,251.1617884,2.012348837,4511161.036,4740652.28,4737038.172,3812039.694,4324392.214,4534127.844
845,177.1639277,2.934941667,5828945.242000001,6053678.347,4735282.702,5945799.341,5906082.982999999,5768441.802999999
846,374.2889893,5.280606667,0.0,0.0,0.0,0.0,0.0,10046055.21
848,689.1988613,8.315392857,0.0,0.0,0.0,0.0,0.0,4672216.379
849,194.1177898,8.420219443999999,0.0,0.0,0.0,0.0,11101334.46,10210700.8
850,764.2166579,7.745544444,0.0,0.0,0.0,0.0,0.0,6938757.885
851,350.98751830000003,3.492166667,0.0,0.0,0.0,0.0,0.0,6735268.653
852,504.3605347,6.909041667,0.0,0.0,0.0,0.0,0.0,5313167.47
853,236.1129318,1.6629,808099.7328,211052.2497,387468.2013,293650.5053,11506220.09,3331490.334
856,612.1636386,7.209931481,1666888.084,2344570.461,1635289.272,819426.4027,2697198.078,2867582.683
862,184.9857171,4.924410606,0.0,0.0,0.0,0.0,10258440.25,5527942.605
863,668.6195526,6.616922222,2494164.213,2526596.213,2634471.809,2376414.095,2493208.126,3300254.038
864,434.3115005,5.836983332999999,0.0,0.0,0.0,0.0,0.0,3197846.8039999995
867,680.4814385,8.053647222,0.0,0.0,0.0,0.0,6024879.615,4224562.811000001
868,559.131958,6.172533333,1784725.021,3299393.222,0.0,1120354.551,2788858.2,3086297.424
869,363.7896423,8.55935,9519604.017,9792512.776,9410077.765,9173951.743,0.0,10216791.91
871,541.2427521000001,5.3369,0.0,0.0,0.0,0.0,0.0,7688428.708
879,482.2426758,5.34295,0.0,0.0,0.0,0.0,0.0,8668702.117
881,538.1449356,6.8706625,1218232.004,1945177.731,1292485.191,527308.1912,2183942.186,2314028.062
882,508.188858,5.5798,0.0,0.0,0.0,0.0,0.0,2740539.55
883,834.2567851,8.382272222000001,0.0,1438255.274,1432608.707,318796.9846,0.0,2106352.581
886,640.5879211,6.4616125,1970387.72,1893150.164,1739238.927,1931720.418,1812582.91,2300778.26
890,1045.2037,7.985557142999999,0.0,0.0,0.0,0.0,0.0,2334423.998
891,480.1573486,5.579743333,1286017.175,2071034.324,1049412.422,1025662.016,0.0,2593628.524
893,1044.203064,7.945921795,0.0,0.0,0.0,0.0,2233940.133,2534669.907
894,638.2154236,7.928816667,0.0,0.0,0.0,0.0,0.0,2054734.369
896,406.2800751,4.955266667,0.0,0.0,0.0,0.0,0.0,3685081.745
897,376.0606384,3.501619444,0.0,0.0,0.0,0.0,0.0,3734177.265
900,912.1912842,7.249655556,0.0,0.0,0.0,0.0,0.0,2262508.346
901,439.20108030000006,4.941841667,0.0,0.0,0.0,0.0,0.0,3882795.327
902,712.233381,8.317609524,0.0,0.0,0.0,0.0,0.0,2290170.235
903,234.1337032,1.488875,0.0,0.0,0.0,0.0,10684075.91,2047065.453
904,437.3305359,5.84295,0.0,0.0,0.0,0.0,0.0,2150778.278
912,482.4054209,5.622158333,5282953.927,4827735.444,4435321.151000001,5512953.274,0.0,5254143.623
914,438.3792953,5.6288375,4829907.396000001,4802797.52,4357026.744,5276305.203,0.0,5005166.885
916,596.1687519999999,7.804708333,618072.8642,570788.6945,752512.1686,235573.3584,6556302.365,1622985.0380000002
922,241.0682739,1.66221,0.0,0.0,0.0,0.0,0.0,1551791.9740000002
926,416.3737915,6.81249,0.0,0.0,0.0,0.0,0.0,2580431.339
927,985.2363739,7.522539999999999,0.0,0.0,0.0,0.0,0.0,4324464.265
928,721.5069819,8.048751449,2263744.361,2390485.458,2409989.345,2006472.426,3223303.671,2303585.623
929,157.0353394,0.267625,919753.1829,996894.5879,799904.5844,1495181.8180000002,1001880.896,797834.1259999999
932,723.1432571,7.033585417,740746.397,1643477.688,728848.7563,457157.6088,0.0,1358105.875
933,226.1802622,2.636616667,0.0,0.0,0.0,0.0,1755131.319,1612771.2859999998
938,394.3529917,5.628433332999999,3772551.381,3842324.947,3443012.425,4225411.776000001,0.0,4108748.447
940,186.9811371,7.0075,0.0,0.0,0.0,0.0,0.0,1339435.335
941,272.258901,3.477469444,2313142.674,2341517.6380000003,1695016.678,2223063.98,3091764.839,2550192.515
942,570.4582291,5.5883875,3035538.199,0.0,0.0,0.0,0.0,3002637.2660000003
944,772.2371965,7.741257576000001,0.0,0.0,0.0,0.0,0.0,2059646.131
946,952.3025905,7.864188095,0.0,0.0,0.0,0.0,0.0,815311.4653
947,343.2961324,3.327833333,0.0,0.0,0.0,0.0,0.0,1281695.241
949,682.3637085,5.942677777999999,0.0,0.0,0.0,0.0,0.0,1116363.172
951,743.2404175,7.03275,693768.7985,0.0,0.0,0.0,0.0,1019467.673
952,191.1042955,2.092435714,0.0,0.0,0.0,0.0,3807282.081,3764667.835
956,774.2549693,8.124836111,0.0,0.0,0.0,0.0,0.0,1090904.726
959,452.3949036,5.969233332999999,0.0,2738025.132,2765331.756,3259265.001,0.0,2578476.947
961,940.2253672,7.254355556,0.0,0.0,0.0,0.0,0.0,1002168.907
962,324.21712310000004,4.813892063,1234316.185,1318940.313,1435804.9630000002,1094392.717,1809229.792,1788661.269
965,245.1515918,3.831511458,0.0,0.0,0.0,0.0,0.0,3934297.48
967,157.0836639,0.709805556,0.0,0.0,0.0,0.0,0.0,3514550.106
968,303.8827566,0.31985,0.0,0.0,0.0,0.0,0.0,840718.6742
971,779.1506856000001,7.742872222000001,0.0,0.0,0.0,0.0,0.0,1438903.0469999998
973,163.0978658,8.267884615,0.0,0.0,0.0,0.0,0.0,125915.9949
974,262.1649933,1.485292105,0.0,0.0,0.0,0.0,0.0,945105.7185
975,552.1615573,7.382015152,0.0,0.0,0.0,0.0,306165.8343,623651.4688
976,372.136069,4.347988889,0.0,0.0,0.0,0.0,0.0,1220192.642
977,149.0234494,4.82128642,0.0,0.0,0.0,0.0,1632612.803,1440902.2230000002
979,1012.268596,8.322332142999999,0.0,0.0,0.0,0.0,0.0,1168069.85
980,337.0751572,4.095970833,0.0,0.0,0.0,0.0,638398.6132,737654.4414
981,501.0865377,5.579361111,0.0,0.0,0.0,0.0,0.0,850764.604
983,169.1223566,2.08779386,0.0,0.0,0.0,0.0,2514034.759,2556231.035
985,1177.209202,8.132947619,0.0,0.0,0.0,0.0,0.0,1381514.731
987,558.1735331,6.171927778,0.0,0.0,0.0,0.0,0.0,644161.9044
988,222.1699873,2.644333333,0.0,0.0,0.0,0.0,0.0,1087693.568
989,229.1411891,1.588807843,0.0,0.0,0.0,0.0,0.0,1730178.699
990,642.2112030000001,7.200051667,0.0,0.0,0.0,0.0,0.0,612781.2146
991,642.2117767000001,6.660958333,0.0,0.0,0.0,0.0,0.0,597326.6731
992,327.0083516,4.269672222,0.0,0.0,0.0,0.0,0.0,288030.0413
993,223.0623449,6.661819444,278847.0132,624583.208,272770.6973,182111.5415,0.0,484798.1471
995,432.2803841,1.234383333,392553.8365,400172.295,409027.2126,385646.075,511569.5676,479341.4284
996,213.1851234,2.935708333,0.0,0.0,0.0,0.0,0.0,811255.3463
997,335.2194127,4.655885714,1056314.707,1442306.894,1642535.495,859599.5602,1651276.014,1672617.445
998,386.1518275,4.6418625,0.0,0.0,0.0,0.0,0.0,942638.9085
999,568.1923325,6.1687491670000005,0.0,0.0,0.0,0.0,0.0,521245.2687
1000,1074.291218,8.214503846,0.0,2571425.9790000003,2450893.501,0.0,1801207.6609999998,752545.2085
1001,626.1803146000001,7.654838333,0.0,0.0,0.0,0.0,406648.9658,600541.3165
1003,459.30254620000005,6.909516667,0.0,0.0,0.0,0.0,0.0,828675.2692
1004,705.1340586,8.323344444,0.0,0.0,0.0,0.0,0.0,435368.817
1008,1026.323291,8.241750833,0.0,0.0,0.0,0.0,0.0,452742.9008
1009,698.2192077999999,8.319390741,0.0,0.0,0.0,0.0,0.0,438086.7133
1011,371.1012268,5.669627778,207349.1973,386913.7419,190079.0564,135728.3959,0.0,489576.0956
1013,521.1187337,6.869972222,0.0,339151.2642,199000.8832,60107.25083,384298.2587,391957.3394
1014,564.3591875,1.500438095,310416.7511,292393.6195,301347.5758,305761.4127,0.0,325064.012
1015,781.1801727000001,7.332298333,0.0,0.0,0.0,0.0,142856.184,178533.0784
1016,947.2874095,8.315747222,0.0,0.0,0.0,0.0,4478417.163,717844.1433
1017,312.22996780000005,4.397011111,0.0,0.0,0.0,0.0,0.0,632986.0146
1018,595.1608276000001,7.937609722,0.0,0.0,0.0,0.0,0.0,352324.7397
1019,245.1384506,1.706525,0.0,0.0,0.0,0.0,0.0,682171.7593
1020,321.2044932,3.4701680560000003,0.0,0.0,0.0,0.0,0.0,696017.1011
1021,235.0965767,4.628729167,0.0,0.0,0.0,0.0,0.0,369450.888
1022,524.1295514999999,6.733780952,0.0,0.0,0.0,0.0,0.0,346597.9591
1023,313.21405330000005,5.085605,0.0,0.0,0.0,0.0,0.0,890637.1023
1024,624.2001537000001,7.932784848,0.0,0.0,0.0,0.0,0.0,371751.864
1025,611.1677856000001,6.663116667000001,0.0,374070.7046,153965.9476,100586.8839,237768.7399,291001.7342
1026,281.05191360000003,7.934549122999999,0.0,0.0,0.0,0.0,0.0,347824.1657
1027,864.267601,8.1150125,74493.92788999999,0.0,96954.42075,0.0,0.0,301470.2751
1028,873.2680130000001,7.62251875,0.0,0.0,0.0,0.0,0.0,690056.8635
1029,264.144183,1.6601803919999998,0.0,0.0,0.0,0.0,0.0,254107.1739
1030,290.2690369,2.6963555560000003,0.0,0.0,0.0,0.0,0.0,270445.2361
1032,552.1976656,7.182614035,0.0,0.0,0.0,0.0,0.0,220601.2952
1033,221.0845452,7.927425225,0.0,0.0,0.0,0.0,0.0,211164.9123
1034,566.1764526000001,6.875866667,0.0,0.0,0.0,0.0,0.0,267291.2406
1035,211.0947918,1.744468182,0.0,0.0,0.0,0.0,0.0,552191.7474
1038,725.2307406,8.348025758,0.0,0.0,0.0,0.0,0.0,320447.0595
1040,700.1996975,7.97355,0.0,0.0,0.0,0.0,0.0,251073.1796
1041,372.0663128,5.1099520830000005,0.0,0.0,0.0,0.0,0.0,639425.8305
1043,928.8343404,8.3786,0.0,0.0,0.0,0.0,0.0,259042.993
1044,257.04216549999995,1.66215,0.0,0.0,0.0,0.0,0.0,218466.4799
1045,147.0657139,7.931183333,0.0,0.0,0.0,0.0,825191.0653,156238.2171
1046,1056.2899710000002,7.794209259,0.0,0.0,0.0,0.0,0.0,164781.988
1047,631.1147011,7.929532456,0.0,0.0,0.0,0.0,0.0,219644.0348
1048,297.0829956,4.891996667,0.0,0.0,0.0,0.0,0.0,200710.7372
1049,334.2224246,1.278574242,0.0,0.0,0.0,0.0,0.0,278346.9097
1051,223.0638657,3.054588095,210074.0485,222301.3073,147919.3973,244730.2465,207688.7144,194560.0803
1052,239.1490067,0.7452766670000001,0.0,0.0,0.0,0.0,0.0,498764.2152
1053,308.0255705,7.929072807000001,0.0,0.0,0.0,0.0,811687.803,179925.7106
1054,244.1543494,2.046066667,0.0,0.0,0.0,0.0,0.0,281418.6199
1055,317.115195,4.819880556,0.0,0.0,0.0,0.0,0.0,281929.6898
1056,656.2256165,7.65901,0.0,0.0,0.0,0.0,318027.7102,167292.0753
1057,358.2953542,5.123716667,0.0,0.0,0.0,0.0,174400.0501,251781.9609
1058,335.2221527,1.6446933330000002,0.0,0.0,0.0,0.0,0.0,115586.3567
1060,1021.304911,8.411041667000001,0.0,0.0,0.0,0.0,0.0,120740.572
1061,640.1951730000001,7.20742381,0.0,0.0,0.0,0.0,0.0,102977.4216
1062,1056.294293,8.391296153999999,0.0,0.0,0.0,0.0,0.0,61761.33129
1063,226.9516243,4.843623333,0.0,0.0,0.0,0.0,0.0,324420.8671
1064,808.2218627999999,7.017042857000001,0.0,0.0,0.0,0.0,0.0,214887.1922
1065,582.2090321000001,7.364033332999999,0.0,0.0,0.0,0.0,464834.0162,123255.1889
1066,332.1198566,4.0937692310000005,33200.1201,0.0,0.0,0.0,0.0,153958.0126
1067,464.4312279,7.1190050000000005,0.0,0.0,0.0,0.0,0.0,232403.6301
1068,223.0964781,3.226142857,193098.8386,0.0,0.0,0.0,224713.37,214234.375
1069,269.2477051,5.04369,0.0,0.0,0.0,0.0,0.0,388591.4053
1070,255.0629869,1.486548485,0.0,0.0,0.0,0.0,0.0,119045.8014
1073,248.1492432,1.488856667,0.0,0.0,0.0,0.0,0.0,102032.8783
1074,155.07038640000002,1.481415385,0.0,0.0,0.0,0.0,0.0,122243.601
1075,291.2304535,5.041683333,0.0,0.0,0.0,0.0,0.0,301627.1275
1076,693.4550972,6.767745832999999,0.0,0.0,0.0,0.0,0.0,157011.4123
1077,730.2451681,7.986278704,0.0,0.0,0.0,0.0,0.0,79111.27526000001
1078,369.1241651,5.177045238,0.0,0.0,0.0,0.0,0.0,203369.9165
1079,219.0652873,2.639294444,0.0,0.0,0.0,0.0,0.0,90076.47147
1080,266.2111827,4.382713333,0.0,0.0,0.0,0.0,0.0,124364.308
1081,414.3217303,5.1359375,0.0,0.0,0.0,0.0,0.0,176944.878
1082,459.2017058999999,4.6299555560000005,0.0,0.0,0.0,0.0,0.0,75615.3109
1083,228.1960449,4.584194444,0.0,0.0,0.0,0.0,0.0,273020.2984
1084,401.2622757,1.809388889,0.0,0.0,0.0,0.0,0.0,34694.193360000005
1085,446.2598985,1.268255882,0.0,0.0,0.0,0.0,0.0,40268.62044
1086,480.3905072,6.338036111,0.0,0.0,0.0,0.0,0.0,174903.0017
1087,307.1883028,5.238717949,0.0,0.0,0.0,0.0,0.0,187859.1675
1088,453.369077,4.237997222,0.0,0.0,0.0,0.0,0.0,67650.21102999999
1090,310.2015334,4.820453846,0.0,0.0,0.0,0.0,97775.90708,84444.14828
1091,376.0602966,5.101935,0.0,0.0,0.0,0.0,0.0,160218.7092
1092,287.22177430000005,5.194123333,50808.29998,65331.81024,51846.585,50617.45246,91719.18655,71399.55312000001
1093,278.1732025,3.644622222,0.0,0.0,0.0,0.0,0.0,70896.71199
1094,315.1228333,3.928927778,0.0,0.0,0.0,0.0,0.0,44496.17081
1095,423.2752797,1.858460606,0.0,0.0,0.0,0.0,0.0,32369.6522
1096,460.2695557,3.799418333,0.0,39050.5035,51466.37965,0.0,0.0,38456.82401
1097,251.162237,5.030494444,0.0,0.0,0.0,0.0,0.0,179464.4259
1098,332.9162292,6.610194443999999,0.0,0.0,0.0,0.0,0.0,226993.0646
1099,315.093417,4.090782353,0.0,0.0,0.0,0.0,37473.75087,44408.328160000005
1231,1072.30878,7.560761765,10201053.21,4754403.859,4809080.735,1802885.288,2700098.529,3104272.194
1272,519.1391052,7.623760000000001,84896.84577999999,0.0,0.0,0.0,932486.7672,270880.6219
1273,163.0391096,5.28092971,0.0,0.0,0.0,0.0,4048009.111,0.0
1294,656.5088921,7.276441667,0.0,0.0,0.0,0.0,1363154.458,0.0
1329,208.0395144,4.96760098,0.0,0.0,0.0,0.0,1740110.029,1957761.648
1334,211.1695947,3.2616529410000004,0.0,0.0,0.0,0.0,240925.8177,0.0
1339,462.1469707,7.33360625,0.0,0.0,0.0,0.0,149554.3178,0.0
1347,193.1587836,2.012959722,0.0,0.0,0.0,0.0,471132.778,0.0
1351,327.00826010000003,5.381831481,0.0,0.0,0.0,0.0,927296.4926,0.0
1359,670.24316,7.207307778,0.0,0.0,0.0,0.0,92824.92779,0.0
1397,145.1336657,5.564086111,0.0,0.0,0.0,0.0,403554.1884,0.0
1401,386.1518736,4.666453125,0.0,0.0,0.0,0.0,898214.4545,0.0
1445,718.2295684999999,7.487583333,0.0,0.0,0.0,0.0,655607.2771,0.0
1490,167.0129606,5.560742307999999,0.0,0.0,0.0,0.0,13860694.07,0.0
1508,195.0652809,2.35803,6826167.352000001,6328617.022999999,6718356.642000001,6916737.159,6499927.672,6096326.687000001
1511,194.1176929,5.100895402,0.0,0.0,0.0,0.0,10570959.41,0.0
1591,226.012207,5.450524242,0.0,0.0,0.0,0.0,1788360.3569999998,0.0
1626,522.1510969,7.514895237999999,0.0,120855.0934,0.0,0.0,820823.6056,0.0
1646,207.0176252,8.412820587999999,4028934.865,52221.25037,4175471.562,51399.22031,4309446.763,4626484.098
1652,284.33121800000004,5.39066,0.0,0.0,0.0,0.0,235965.674,0.0
1653,566.1764865,6.882757407000001,0.0,0.0,0.0,0.0,246190.1293,0.0
1656,355.2826309,5.103,0.0,0.0,0.0,0.0,10749023.83,0.0
1668,387.30955,5.570188889,0.0,0.0,0.0,0.0,3366502459.0,1440069.429
1669,404.3363342,5.575983333,0.0,0.0,0.0,0.0,2566205463.0,0.0
1670,185.1532288,5.575983333,0.0,0.0,0.0,0.0,1098983969.0,0.0
1672,684.2054342,8.315727778,37947886.11,8786381.116,22695674.68,9321237.266,555411835.6,0.0
1673,790.6383057,5.575983333,0.0,0.0,0.0,0.0,403573833.6,0.0
1674,369.2986603,4.913333333,0.0,0.0,0.0,0.0,481816315.8,0.0
1675,167.14270019999998,5.575983333,0.0,0.0,0.0,0.0,449909343.3,0.0
1676,795.5936279,5.575983333,0.0,0.0,0.0,0.0,603173890.0,0.0
1677,612.1836984,7.930828571,22923050.09,5062301.992,13742645.78,6116905.525,304384254.1,71852946.95
1678,536.1662525,7.618661905,27397165.0,12292625.52,20452547.33,12909973.07,234963529.2,73479628.58
1679,409.2912292,5.55455,0.0,0.0,0.0,0.0,624288037.7,0.0
1681,203.1637726,5.575983333,0.0,0.0,0.0,0.0,168121950.9,0.0
1683,432.3683523,5.641966667,0.0,0.0,0.0,0.0,331666753.4,0.0
1684,373.2949524,5.3553,0.0,0.0,0.0,0.0,46911175.42,0.0
1685,773.6116943,5.575983333,0.0,0.0,0.0,0.0,80665597.5,0.0
1687,1203.878174,5.575983333,0.0,0.0,0.0,0.0,96997471.71,0.0
1689,908.2590887,8.110892424,0.0,0.0,0.0,0.0,157055530.5,0.0
1690,149.1324997,5.916325,0.0,0.0,0.0,0.0,72690786.93,0.0
1691,390.32183839999993,5.356483333,0.0,0.0,0.0,0.0,30980859.22,0.0
1692,395.276207,5.358491667,0.0,0.0,0.0,0.0,34563280.41,0.0
1695,418.3531189,5.3553,0.0,0.0,0.0,0.0,23257638.98,0.0
1696,425.2652283,5.575983333,0.0,0.0,0.0,0.0,95775295.64,0.0
1697,817.5751343,5.575983333,0.0,0.0,0.0,0.0,58580095.57,0.0
1699,539.1632257,7.625483332999999,0.0,0.0,0.0,0.0,29754858.44,0.0
1702,980.2778091,7.694970832999999,0.0,0.0,0.0,0.0,8665513.001,0.0
1704,246.242827,2.635233333,20315776.3,22579529.48,21945786.54,20275174.56,23016455.39,23927991.81
1707,226.1800079,5.736616667000001,0.0,0.0,0.0,0.0,20360518.71,0.0
1708,273.9168854,8.431661111,6817055.6620000005,8423150.946,7169155.757,7489138.552999999,7960521.209,8510352.293
1709,223.9885152,8.422794443999999,18226134.85,17744636.29,18055276.97,20753518.66,17863539.73,17695477.23
1710,850.2526611,7.586446667000001,0.0,0.0,0.0,0.0,10794231.84,0.0
1711,314.94446560000006,8.4335125,6765609.268999999,7104848.402000001,6963140.919,6819007.413,7255939.244,7759671.374
1712,811.5653992,5.575983333,0.0,0.0,0.0,0.0,28349356.37,0.0
1713,226.0128059,8.414075,7006718.28,7589296.283,7565634.438999999,6190131.351,7309791.546,0.0
1714,615.1817042,7.924023611,0.0,0.0,0.0,0.0,14618162.67,0.0
1716,638.2164263,7.928352381,0.0,0.0,0.0,0.0,11817877.19,0.0
1717,852.2445495999999,7.585108332999999,0.0,0.0,0.0,0.0,8214355.76,0.0
1718,1225.860779,5.625916667,0.0,0.0,0.0,0.0,36305163.08,0.0
1719,171.1383591,4.2392,0.0,0.0,0.0,0.0,8158108.111,0.0
1721,876.8032837000001,8.395022222,0.0,0.0,0.0,0.0,13915604.86,0.0
1722,947.2875122000002,8.100719999999999,0.0,0.0,0.0,0.0,32657509.98,0.0
1723,854.2306778999999,7.61177037,14058514.5,25596767.82,15726846.29,8352391.938999999,18382998.44,26560841.59
1727,181.015007,8.414362963,5210052.101,0.0,0.0,0.0,5916418.978999999,5650971.897999999
1729,154.9903059,8.55174375,22876639.78,24642060.97,22676129.33,24830622.84,24292077.29,23711619.64
1730,924.2711111,7.872124359,7276094.946,12326058.79,8415113.265,5142566.367,10593965.98,11151234.32
1731,712.2349074,8.314640741,0.0,0.0,0.0,0.0,11622360.71,0.0
1736,296.9712122,8.424919697,0.0,3299979.606,3055296.288,2514569.021,3288750.008,0.0
1737,299.9127437,8.544330952000001,17846537.63,18244588.9,17516766.69,17581059.59,18187552.26,18254026.39
1742,656.2266235000001,6.663183332999999,0.0,0.0,0.0,0.0,6104240.069,0.0
1748,214.9176537,8.426630000000001,0.0,0.0,0.0,0.0,2564459.833,0.0
1749,282.9103495,8.466122222000001,5548541.52,5101400.941000001,5372028.497,5176228.893999999,5134879.164,5244362.712
1750,329.245369,4.984983333,0.0,0.0,0.0,0.0,8919374.801,0.0
1752,582.2076416,6.177016667,0.0,0.0,0.0,0.0,4943588.682,0.0
1753,241.06838990000003,1.6733277780000002,0.0,0.0,0.0,0.0,5225451.895,0.0
1755,730.2455826,7.040170833,0.0,0.0,0.0,0.0,4117342.024,0.0
1756,290.26928710000004,3.314833333,4662916.29,4775410.688,4861779.623,4394332.38,5329092.541,4711030.6
1757,760.236958,7.949222667000001,0.0,0.0,0.0,0.0,2645142.807,0.0
1758,412.327301,3.878222222,0.0,0.0,0.0,0.0,4626628.012,0.0
1759,690.1999664,8.31269375,0.0,0.0,0.0,0.0,6311214.778,0.0
1760,663.4546378,8.050469048,3796638.781,3840974.053,3880603.369,3321253.081,5627661.907000001,3871906.555
1761,456.3536339,3.8946375,0.0,0.0,0.0,0.0,5024474.772,0.0
1765,411.2517853,4.744158333000001,0.0,0.0,0.0,0.0,2488196.239,0.0
1766,262.16499980000003,1.4887833330000002,0.0,0.0,0.0,0.0,4191469.197,0.0
1767,194.1176544,2.635123333,0.0,0.0,0.0,0.0,3343603.785,0.0
1771,167.0129681,3.638516667,0.0,0.0,0.0,0.0,9240010.992,0.0
1775,616.1792389,7.934948332999999,0.0,0.0,0.0,0.0,4588800.447,0.0
1776,504.3604736,6.908816667000001,5111525.116,0.0,0.0,0.0,5348374.652,0.0
1777,1021.306641,7.3904625,0.0,0.0,0.0,0.0,5605833.86,0.0
1781,184.9856227,5.277034444,0.0,0.0,0.0,0.0,8561170.973,10672175.81
1782,125.98642920000002,0.674675,0.0,0.0,0.0,0.0,3295301.483,0.0
1783,1021.305115,7.67915,0.0,0.0,0.0,0.0,1660898.07,0.0
1786,318.3006744,3.296657143,1275694.826,1376628.2969999998,1494328.915,1152113.393,3274675.509,1411147.225
1788,153.1270599,5.3553,0.0,0.0,0.0,0.0,3065244.838,0.0
1789,267.1719187,4.399835556,4650063.823,4998144.634,5352643.317,5071310.321,5361494.876,5505077.447000001
1790,158.15406090000002,8.405357527,1055364.345,4184027.776,4587641.454,1363761.634,4428460.646000001,4462143.953
1793,195.1744916,2.930805333,4843229.872,5066158.933,3712841.168,5010087.278,4954007.798,4631306.457
1794,424.3633179,5.38143,0.0,0.0,0.0,0.0,5611867.933999999,0.0
1795,432.2424469,4.984691667,0.0,0.0,0.0,0.0,5455886.338,0.0
1796,194.1173164,4.794659259,0.0,0.0,0.0,0.0,7358883.034,0.0
1797,167.012886,0.623394444,0.0,0.0,0.0,0.0,2714310.466,0.0
1798,1023.304413,7.6823,0.0,0.0,0.0,0.0,1568467.757,0.0
1800,124.0874151,8.415622222,4479462.88,3280715.79,5152046.0,3240340.272,3745104.362,3201367.041
1801,409.2926483,6.271333332999999,0.0,0.0,0.0,0.0,4640801.207,0.0
1803,500.3802032,3.917177778,0.0,0.0,0.0,0.0,3368202.595,0.0
1804,380.3357976,5.380722222,0.0,0.0,0.0,0.0,4748489.649,0.0
1805,541.1622096,7.62115119,0.0,0.0,0.0,0.0,3075918.224,0.0
1808,880.2613382999999,7.614831111,0.0,0.0,0.0,0.0,4590178.109,0.0
1809,336.3096046,5.171708333,0.0,0.0,0.0,0.0,3528843.364,0.0
1810,381.2610703,5.0079,0.0,0.0,0.0,0.0,1897109.819,0.0
1813,686.2182007,7.643841667,0.0,0.0,0.0,0.0,2552449.191,0.0
1814,624.2000529000001,7.923580556,0.0,0.0,0.0,0.0,2061113.164,0.0
1815,468.3900375,5.301605556,2922020.686,1662000.427,2956232.0130000003,3143875.4310000003,4394231.04,0.0
1817,182.9852676,0.559516667,0.0,0.0,0.0,0.0,1699008.184,0.0
1818,512.4162641,5.292247618999999,2914575.2860000003,0.0,0.0,0.0,3395501.5330000003,0.0
1820,345.2635498,4.71785,0.0,0.0,0.0,0.0,3020186.16,0.0
1821,371.1012878,6.170805556,1232701.307,2597446.873,2334730.603,857026.9072,2043027.021,2515640.473
1822,564.1962212000001,7.626131481,0.0,0.0,0.0,0.0,2157334.643,0.0
1823,251.1853367,1.585187879,4770628.291999999,4843477.201,5043577.582,4718280.287,5110068.881,4904095.8
1824,399.2507886,4.719487879,4194535.89,3169509.88,3112971.04,4812495.211,3248259.164,3290399.358
1827,327.07816260000004,4.35856,3341271.603,3323237.856,3355720.794,2866627.315,3493153.085,3284892.702
1829,139.9878565,4.517827778,0.0,0.0,0.0,0.0,4490778.178,0.0
1830,409.2928467,6.77265,0.0,0.0,0.0,0.0,3072359.284,0.0
1831,482.4050344,5.617633333,0.0,0.0,0.0,0.0,4720803.194,0.0
1835,368.3010025,3.851375,0.0,0.0,0.0,0.0,2198502.777,0.0
1839,139.98800659999998,5.130066667,0.0,0.0,0.0,0.0,5960641.308999999,0.0
1840,376.0606098,3.4893375,0.0,0.0,0.0,0.0,3551671.279,0.0
1843,158.9614563,2.693166667,0.0,0.0,0.0,0.0,1820186.435,0.0
1845,417.2606049,5.280094444,0.0,0.0,0.0,0.0,1587973.306,0.0
1849,631.1163737,7.931422222,0.0,0.0,0.0,0.0,1423410.8590000002,0.0
1850,416.3736542,6.81769,0.0,0.0,0.0,0.0,2614065.757,0.0
1851,817.1927605000001,7.626295832999999,0.0,0.0,0.0,0.0,2686847.489,0.0
1853,125.9864574,5.4341,0.0,0.0,0.0,0.0,3120692.392,0.0
1854,411.0939958,4.886540741,697848.0397,855793.9178,604001.0298,477046.1187,1784071.369,1077579.645
1855,1021.30621,8.40905625,0.0,0.0,0.0,0.0,1411889.998,0.0
1856,370.2722626,4.984691667,0.0,0.0,0.0,0.0,2411776.686,0.0
1858,557.1749267999999,6.169183332999999,0.0,0.0,0.0,0.0,1405233.053,1700380.29
1861,139.988039,6.0772291670000005,0.0,0.0,0.0,0.0,1366830.44,0.0
1862,707.1680637000001,7.044431481,0.0,0.0,0.0,0.0,1092227.127,1256424.084
1863,698.2201669,8.32202619,0.0,0.0,0.0,0.0,1990321.85,0.0
1864,211.169368,2.0161133330000003,1652517.358,1918355.609,1785043.492,1620569.319,1876743.465,1685313.771
1865,239.1496353,8.407145833,0.0,0.0,0.0,0.0,1707023.804,0.0
1868,362.2901459,4.699341667,0.0,0.0,0.0,0.0,1783666.572,0.0
1869,186.981046,4.544,0.0,0.0,0.0,0.0,3212645.558,0.0
1870,568.1921047999999,6.850051852000001,0.0,166772.4611,89330.14306,0.0,1578516.54,0.0
1871,723.1433411,7.040183333,0.0,0.0,0.0,0.0,1122937.07,0.0
1873,834.2222469999999,8.088963636,0.0,0.0,0.0,0.0,1864423.74,2421699.253
1874,790.2505569,7.767729167000001,2895933.944,1777412.198,149169.8174,47015.19483,1060704.814,1562627.4640000002
1875,894.1870633999999,7.969064102999999,1120894.952,1797972.127,1453135.002,558024.3682,1342671.816,1940803.755
1877,186.9563141,0.65805,0.0,0.0,0.0,0.0,1800310.51,0.0
1878,595.1618991,7.932251852,0.0,0.0,0.0,0.0,1640862.324,0.0
1879,140.06828380000002,5.002463333,0.0,0.0,0.0,0.0,3607766.045,0.0
1880,163.132928,1.6971428569999998,0.0,0.0,0.0,0.0,3001003.49,0.0
1881,163.0389709,4.677804167,0.0,0.0,0.0,0.0,3013085.398,0.0
1882,544.4063842999999,3.930486667,0.0,0.0,0.0,0.0,1361889.003,0.0
1883,355.06768910000005,7.921830863999999,0.0,0.0,0.0,0.0,1202897.568,0.0
1885,1023.301915,8.411261111,0.0,0.0,0.0,0.0,995974.7954,0.0
1886,404.337265,5.01915,0.0,0.0,0.0,0.0,939452.0405,0.0
1888,301.141098,4.808925,1652517.029,1843050.794,1948139.303,1425360.164,2263531.772,2306719.296
1890,452.39467239999993,6.057875,0.0,0.0,0.0,0.0,1556716.4730000002,0.0
1892,575.1054687999999,6.1767,0.0,0.0,0.0,0.0,1168281.346,0.0
1893,143.9969025,0.63315,0.0,0.0,0.0,0.0,1056441.197,0.0
1894,878.2813477,7.587111667,0.0,0.0,0.0,0.0,749950.6519,0.0
1895,934.2904837,8.11822619,0.0,0.0,0.0,0.0,3382852.787,0.0
1897,281.0516109,7.616817361,0.0,0.0,0.0,0.0,1203077.918,0.0
1898,199.9270035,0.2185266669999999,0.0,0.0,82279.60138,0.0,606411.4853,0.0
1899,436.3419556,6.821406667000001,0.0,0.0,0.0,0.0,1646792.59,0.0
1900,496.4211273,5.963623529,0.0,0.0,0.0,0.0,3140757.975,0.0
1901,221.1537082,4.257460256,1496860.365,1463035.1919999998,1435607.618,1368325.8080000002,1533301.1930000002,1474840.9530000002
1902,267.1567688,1.668441667,2074579.748,2215767.304,2204057.133,1974914.41,2312506.074,0.0
1903,199.9879888,0.5283555560000001,0.0,0.0,0.0,0.0,951680.2414,0.0
1905,304.2998962,4.081641667,1162425.573,1188285.954,1276367.828,1226188.48,1282868.367,1347613.781
1907,264.1443451,1.6614716669999998,0.0,0.0,0.0,0.0,905890.7658,0.0
1910,171.1492401,2.752996667,0.0,0.0,0.0,0.0,694130.7104,0.0
1911,171.14909550000002,4.7199125,0.0,0.0,0.0,0.0,2199227.661,0.0
1912,197.9264507,0.220125,0.0,0.0,0.0,0.0,478951.5105,0.0
1913,171.1492691,5.085261111,0.0,0.0,0.0,0.0,2752388.774,0.0
1914,537.1497345,6.172552082999999,0.0,0.0,0.0,0.0,720886.25,0.0
1915,167.01293950000002,6.203025,0.0,0.0,0.0,0.0,583686.0746,0.0
1916,258.2428728,2.9332378789999995,0.0,0.0,0.0,0.0,1022798.843,0.0
1919,248.1493356,1.488592857,0.0,0.0,0.0,0.0,748977.5653,0.0
1923,273.16725160000004,1.599410714,1584292.939,1572753.0869999998,1615859.96,1513874.582,1661884.304,1571116.6409999998
1925,480.1577098,6.162083332999999,0.0,0.0,0.0,0.0,716319.0779,894623.0298
1926,1002.248686,7.775705952000001,442117.6842,1247893.998,658499.6007,283351.4772,818288.7088,1068391.846
1928,226.0122524,5.684345238,0.0,0.0,0.0,0.0,1956916.629,0.0
1929,178.12187580000003,6.104320832999999,0.0,0.0,0.0,0.0,403228.1927,0.0
1931,183.0993904,0.7849696079999999,0.0,0.0,0.0,0.0,2078787.894,0.0
1932,215.1255633,1.119080556,2177252.878,0.0,0.0,0.0,2198967.8880000003,0.0
1934,558.1730576,6.176295832999999,0.0,0.0,0.0,0.0,538876.9394,0.0
1935,244.227169,2.725620833,0.0,0.0,0.0,0.0,648066.243,0.0
1936,258.2794205,4.06548,0.0,0.0,0.0,0.0,772054.3435,0.0
1937,243.1355759,4.259356667,0.0,0.0,0.0,0.0,849510.9858,0.0
1938,952.3013587000002,7.864851282,0.0,0.0,0.0,0.0,630488.9606,0.0
1940,181.0142093,5.6827,0.0,0.0,0.0,0.0,1164220.336,0.0
1942,266.2113037,4.263733333,0.0,0.0,0.0,0.0,726944.9015,0.0
1943,274.274058,4.375116667,0.0,0.0,0.0,0.0,1012474.926,0.0
1944,140.0682068,2.581779167,0.0,0.0,0.0,0.0,393368.5959,0.0
1946,520.3331732,1.417794737,0.0,0.0,0.0,0.0,342170.5517,0.0
1947,476.3066543000001,1.329979825,0.0,0.0,0.0,0.0,394191.785,420439.2546
1948,195.065274,2.540526667,0.0,0.0,0.0,0.0,454871.8935,0.0
1949,582.1525828,7.701963889,0.0,0.0,0.0,0.0,568094.0017,0.0
1950,434.1700007,4.883179167,0.0,0.0,0.0,0.0,626801.0434,0.0
1951,147.0658913,7.620608333,0.0,0.0,0.0,0.0,520351.3824,0.0
1953,763.2185904,7.74935,0.0,0.0,0.0,0.0,844897.6121,0.0
1954,238.1801422,4.262058333,0.0,0.0,0.0,0.0,680619.7048,0.0
1955,249.1849627,4.4257,0.0,0.0,0.0,0.0,635794.6548,0.0
1957,330.2642212,3.96558,0.0,0.0,0.0,0.0,1655428.951,0.0
1960,296.2560369,3.259654545,0.0,0.0,0.0,0.0,423015.1331,0.0
1963,308.2586198,5.172269697,0.0,0.0,0.0,0.0,979178.3793,0.0
1964,873.1601562999999,7.629239683,323273.0257,770403.615,302514.9094,93545.29504,629877.3989,898921.7082
1965,588.4324341,3.94147,0.0,0.0,0.0,0.0,393651.5244,0.0
1966,300.20178500000003,0.892613636,0.0,439232.4769,453568.6951,514847.1245,551986.2546,49052.419010000005
1967,182.9850769,3.595166667,0.0,0.0,0.0,0.0,746319.9722,0.0
1968,330.3366769,4.34,324525.9483,329720.7713,344002.0306,343499.7903,412265.7366,340822.0441
1969,494.173406,6.374297222,0.0,0.0,0.0,0.0,300141.6684,0.0
1970,399.2514866,5.706102381,0.0,0.0,0.0,0.0,421614.3270000001,0.0
1971,695.3576965,5.938833333,0.0,0.0,0.0,0.0,281098.8653,0.0
1973,418.2808151,3.5714273810000003,0.0,0.0,0.0,0.0,896781.6708,0.0
1974,212.1644707,5.3743375,0.0,0.0,0.0,0.0,250437.1122,0.0
1975,371.1014056,4.883788095,0.0,0.0,0.0,0.0,273612.737,0.0
1976,319.22486660000004,4.979452381000001,0.0,0.0,0.0,0.0,393106.572,0.0
1977,143.996923,4.977151282,0.0,0.0,0.0,0.0,647204.5431,0.0
1979,519.1397827,6.171321667000001,92736.39509,0.0,0.0,0.0,206686.6901,0.0
1980,268.08554080000005,1.7695299999999998,0.0,0.0,0.0,0.0,289804.795,0.0
1981,399.1472792,4.653504348,0.0,0.0,0.0,0.0,445791.982,0.0
1983,195.0652657,4.4192375,0.0,0.0,0.0,0.0,510024.7467,0.0
1984,508.1891988,7.027488889,0.0,0.0,0.0,0.0,217384.8497,0.0
1985,269.1724211,1.368763158,0.0,0.0,0.0,0.0,453561.2178,0.0
1986,205.086053,4.827216667,275098.9787,302786.3813,344336.4866,242881.5711,421040.6072,387208.769
1987,273.2536519,3.022169444,0.0,0.0,0.0,0.0,435117.935,0.0
1989,406.1385473,4.882534722,0.0,0.0,0.0,0.0,195827.9047,0.0
1990,332.2797902,5.198483333,0.0,0.0,0.0,0.0,333772.1071,0.0
1992,387.0592163,3.507126667,0.0,0.0,0.0,0.0,287516.9703,0.0
1993,614.1813747,6.575997619,0.0,0.0,0.0,0.0,133618.8459,0.0
1994,297.0828107,4.095751389,0.0,0.0,0.0,0.0,138422.3396,170057.1786
1995,873.2663158,7.612443938999999,0.0,0.0,0.0,0.0,345120.495,0.0
1996,245.07880150000005,3.233077778,0.0,0.0,0.0,0.0,159886.3131,0.0
1997,355.0695057,6.171570833,0.0,0.0,0.0,0.0,132478.751,0.0
1998,246.2428805,4.4590361110000005,0.0,0.0,0.0,0.0,378825.7806,0.0
1999,786.2536468999999,7.7437375,0.0,0.0,0.0,0.0,214476.8678,0.0
2000,304.2484207,5.19881875,157244.8957,150457.3825,149980.5025,149739.69199999998,218398.5514,0.0
2001,242.2842962,2.74055303,0.0,131741.4493,112004.0768,159278.2301,117543.102,0.0
2002,317.1152153,4.833334167,0.0,0.0,0.0,0.0,280341.1242,0.0
2003,359.1470642,4.7499625,0.0,0.0,0.0,0.0,115366.9176,0.0
2004,251.1853884,5.077537179,0.0,0.0,0.0,0.0,325106.9495,0.0
2005,332.9162445,6.236008332999999,0.0,0.0,0.0,0.0,116424.5323,0.0
2007,358.2953257,4.679914444,0.0,0.0,0.0,0.0,375327.814,0.0
2008,596.2230072000001,6.838026667,0.0,0.0,0.0,0.0,108567.5212,0.0
2009,379.2490215,1.756941667,0.0,0.0,0.0,0.0,75202.85052,0.0
2010,409.383606,7.21883125,0.0,0.0,0.0,0.0,210724.0709,0.0
2011,314.9426384,6.140195833,0.0,0.0,0.0,0.0,246205.8038,0.0
2012,385.2951355,4.227066667,0.0,0.0,0.0,0.0,178873.8397,0.0
2013,336.2899124,5.078405,0.0,0.0,0.0,0.0,294554.4245,0.0
2014,230.24786380000003,4.394466667,0.0,0.0,0.0,0.0,216919.9697,0.0
2015,358.3680432,4.8249260000000005,0.0,0.0,0.0,0.0,90885.09078,0.0
2016,266.2327232,3.074966667,98099.61966,0.0,0.0,0.0,128369.6985,0.0
2017,369.1252758,5.105983333,0.0,0.0,0.0,0.0,215834.5699,0.0
2018,458.3484014,5.154908333,0.0,0.0,0.0,0.0,200817.0663,0.0
2019,267.1720072,4.934866667,0.0,0.0,0.0,0.0,228073.3126,0.0
2020,402.357933,5.274222917,0.0,0.0,0.0,0.0,205897.1259,0.0
2021,314.9436417,6.33635,0.0,0.0,0.0,0.0,350754.9109,0.0
2022,425.2896728999999,5.765641667000001,0.0,0.0,0.0,0.0,79874.2351,0.0
2023,199.1695824,5.201625,0.0,0.0,0.0,0.0,100204.3884,0.0
2024,378.3217346,4.2615300000000005,0.0,0.0,0.0,0.0,66550.65384,0.0
2026,376.0602824,4.460527778,0.0,0.0,0.0,0.0,176300.417,0.0
2029,414.3225276,4.596180556,0.0,0.0,0.0,0.0,38516.06755,0.0
2030,151.0966362,0.470395,0.0,84601.6282,70866.98588,129813.0324,101350.9381,0.0
2031,414.1831818,5.174725758,0.0,0.0,0.0,0.0,46580.15359,0.0
2033,218.2116877,3.592022222,0.0,0.0,0.0,0.0,141246.0751,0.0
2034,402.2334595,1.15533254,0.0,0.0,0.0,0.0,48811.36196,56281.972460000005
2035,299.1840454,3.455063333,0.0,0.0,0.0,0.0,38439.57398,0.0
2037,459.382785,6.212096667000001,0.0,0.0,0.0,0.0,25233.86094,0.0
2038,443.2061035,4.952626667,0.0,0.0,0.0,0.0,33704.57917,0.0
