feature_id,row m/z,rtinseconds,NEG_004_Acetylportentol.mzXML Peak area,NEG_007_12_Desoxydiacetylpyxinol.mzXML Peak area,NEG_008_12_Desoxypyxinol.mzXML Peak area,NEG_002_2_Hydroxy_4_6_dimethoxyacetophenone.mzXML Peak area,NEG_011_Bourgeanic_acid.mzXML Peak area,NEG_012_Caperatic_acid.mzXML Peak area
1,593.1217485000001,7.476393938999999,91641655.33,94438330.58,142002975.5,0.0,0.0,0.0
2,197.80709840000003,8.455138889,31560378.14,34660923.34,36290939.49,0.0,0.0,0.0
3,174.9549516,8.428297222000001,48312328.08,46290440.37,60157455.93,52447520.82,0.0,55929344.18
4,195.8101705,8.455138889,25542073.03,28075800.93,29621181.79,0.0,0.0,0.0
5,397.18649289999996,3.527283333,83400694.48,0.0,0.0,0.0,0.0,0.0
6,683.1721976,7.47685,43976698.35,47181128.21,70086845.76,0.0,0.0,0.0
7,743.13915,7.626116667000001,60456725.89,45587719.61,85043217.31,0.0,0.0,0.0
8,199.8041153,8.455138889,14886236.19,16603504.42,17655864.78,0.0,0.0,0.0
9,595.120185,7.475188889,38451831.22,39983089.46,59578805.42,0.0,0.0,0.0
10,235.9255142,8.536766667,105347327.0,105777568.7,116689068.0,0.0,0.0,0.0
11,729.1777954,7.446916667000001,37216014.67,0.0,54564811.92,0.0,0.0,0.0
12,144.9222031,8.4144,49275049.3,50931285.62,30794555.51,42719317.72,0.0,0.0
13,205.8390249,8.457427778,13264041.51,15531663.54,15587825.62,0.0,0.0,0.0
14,743.1393433,7.299744444,23354531.89,36467344.11,28956869.25,0.0,0.0,0.0
15,207.93045039999998,8.555575,78472386.85,76939752.17,76718170.42,0.0,0.0,0.0
16,207.8360367,8.457427778,12575546.75,14624751.63,14738786.97,0.0,0.0,0.0
17,190.9274996,8.549309259,79384329.01,75943451.13,79088634.73,0.0,0.0,0.0
18,312.83610150000004,8.414260417000001,12129917.69,13770895.0,11086439.62,13362272.19,0.0,0.0
19,231.9310997,8.426743333,30183717.7,30066740.2,31007834.44,27563440.16,0.0,30410217.0
20,507.1212921,6.1668833329999995,14526374.58,0.0,121596812.8,0.0,0.0,0.0
21,307.855835,8.551703332999999,48113302.14,47907694.41,52906926.85,0.0,0.0,0.0
22,146.9374041,8.547016667000001,53877961.76,53848560.3,54302566.03,0.0,0.0,0.0
23,322.8866577,8.429488889,5546418.091,5464455.331,5026708.752,4713584.098,0.0,0.0
24,174.95500790000003,0.09311666699999999,33418905.81,0.0,0.0,0.0,0.0,0.0
25,304.913854,8.429544444,4779400.213,4736984.324,4162834.33,4089846.3860000004,0.0,0.0
26,200.8580924,8.407361111,10849985.88,13150568.48,12689417.27,11747838.41,0.0,0.0
27,215.8679256,8.4747125,9051693.748,10710782.86,11370965.33,0.0,0.0,0.0
28,336.8586311,8.557604167000001,37473394.72,33102705.55,35163601.37,0.0,0.0,0.0
29,194.08146010000002,3.7038428569999997,13954586.78,14299256.72,11830474.09,0.0,0.0,0.0
30,225.89677430000003,8.479108333,15192954.91,16376615.3,16433343.3,0.0,0.0,0.0
31,387.1578522,3.519483333,15404837.07,0.0,0.0,0.0,0.0,0.0
32,134.86403080000002,8.486683333,8091613.728999999,8444804.081,8114565.425,0.0,0.0,0.0
33,134.8933163,8.4189125,8787823.45,5661646.661,0.0,0.0,0.0,0.0
34,132.8664907,8.486366667,8291207.497,8301382.1620000005,8058481.135,0.0,0.0,0.0
35,369.1917725,2.800333333,17134526.16,0.0,0.0,0.0,0.0,0.0
36,178.9766439,8.532994444,24410492.07,24564643.16,29199587.04,0.0,0.0,0.0
37,507.1216456,6.163511111,14526374.58,11382145.22,0.0,0.0,0.0,0.0
38,242.9429817,8.422458333,4168086.0560000003,4074778.1560000004,4313127.632,3820793.441,0.0,0.0
39,461.11587910000003,6.166233332999999,6521008.191000001,4526343.716,49357644.78,0.0,0.0,0.0
40,789.1442627,7.42732,5432813.938999999,10098912.25,6878906.112000001,0.0,0.0,0.0
41,414.1767273,3.527283333,17223268.11,0.0,0.0,0.0,0.0,0.0
42,209.8330205,8.457427778,4038554.4469999997,4751973.45,4815356.818,0.0,0.0,0.0
43,192.9279424,8.425698485,4800151.233,4594236.654,4737537.914,4804602.72,0.0,4312828.164
44,180.9723511,8.530438889,18181399.9,18474036.66,18788723.18,0.0,0.0,0.0
45,833.1898102000001,7.630336667000001,9349205.508,6684408.735,13099057.25,0.0,0.0,0.0
46,789.1445719,7.6236277779999995,6813728.029,0.0,7875055.171,0.0,0.0,0.0
47,299.91895750000003,8.419966667,3807884.002,3435357.2860000003,3289658.228,3327480.416,0.0,0.0
48,235.92557069999998,0.051876667,17179532.3,0.0,16306796.72,0.0,0.0,0.0
49,206.97204169999998,8.515122222,15933704.64,16256157.33,15815449.03,0.0,0.0,0.0
50,145.9295872,8.548383333,16406919.62,17994698.71,17197762.86,0.0,0.0,0.0
51,187.9408592,8.426623333,8125076.061000001,7749184.647999999,8040894.663,6995345.406,0.0,8017046.976
52,125.8717537,8.462995832999999,4266223.801,5170488.617,5157610.451,5015742.464,0.0,0.0
53,187.92781580000002,8.504361111,14556180.66,17042775.67,16499260.88,0.0,0.0,0.0
54,187.0966326,1.751961111,7780260.932999999,7283707.085,7034971.867000001,0.0,0.0,0.0
55,207.9304199,0.048777778,14040192.66,0.0,13302580.47,0.0,0.0,0.0
56,222.8293381,8.463191667,1989088.261,2385649.24,0.0,0.0,0.0,0.0
57,190.92749019999997,0.027633333,12110333.52,9460212.297,0.0,0.0,0.0,0.0
58,132.9221172,8.424841667,2049602.0590000001,2048967.457,2195321.549,2161176.049,0.0,0.0
59,182.9018784,8.499183333,5323029.455,5760751.708,6124598.051,0.0,0.0,0.0
60,369.19174189999995,3.527283333,5158639.717,0.0,0.0,0.0,0.0,0.0
61,173.9250641,8.437316667000001,3757453.0539999995,3611951.727,3701425.692,0.0,0.0,0.0
62,243.1597137,3.1613833330000003,4901534.141,4681616.962,4150862.488,0.0,0.0,0.0
63,352.8534058,8.546526667,11026854.42,10906005.22,10834724.12,0.0,0.0,0.0
64,228.8532117,8.404502778,2772223.3389999997,3352382.982,3201981.8989999997,3088278.0689999997,0.0,3602843.952
65,320.8862943,8.528001515,10672961.85,11068888.61,11680119.18,9754348.444,0.0,0.0
66,453.78623660000005,8.547089999999999,9936328.0,9545716.504,10158872.92,0.0,0.0,0.0
67,182.9878239,8.360001753999999,9660774.42,0.0,0.0,8003088.482999999,0.0,0.0
68,248.95991209999997,0.23201666699999998,1680118.904,2553849.1569999997,1502714.314,2822250.055,0.0,1527446.332
69,239.9024378,8.597083332999999,9814719.021,0.0,10372402.78,0.0,0.0,0.0
70,316.9477081,0.2315125,1245348.555,1853637.789,1118111.029,2424957.631,0.0,1105467.104
71,143.93795649999998,8.508477778,8204516.1729999995,9632756.416000001,8807667.115,0.0,0.0,0.0
72,146.9374784,0.056511110999999996,7540684.551,0.0,0.0,0.0,0.0,0.0
73,239.90240989999998,8.89445,7261337.005,6795429.362000001,7504447.081,0.0,0.0,0.0
74,355.1583388,6.270535185,3460828.31,2754197.245,8173966.466,0.0,0.0,0.0
75,413.1816254,2.738433333,2628795.821,0.0,0.0,0.0,0.0,0.0
76,199.8501778,8.405364582999999,2782096.5730000003,2874664.102,2900943.7660000003,2706695.44,0.0,0.0
77,369.1916809,2.04125,3114641.03,0.0,0.0,0.0,0.0,0.0
78,184.92889250000002,7.538116667000001,3468910.6560000004,0.0,0.0,0.0,0.0,4826511.788
79,965.1955260999999,8.346666667000001,3275001.34,2201276.221,5145364.078,4910680.781,0.0,0.0
80,567.0880814,7.631238889,2884255.417,2241865.082,3915002.46,0.0,0.0,0.0
81,394.8904088,0.231216667,1040356.271,1062671.148,0.0,1676781.345,0.0,723763.4240000001
82,222.8402557,8.412825,1352970.769,1402110.0669999998,0.0,996991.6045,0.0,0.0
83,328.81007389999996,8.413722222,2796214.691,3060784.691,0.0,1427369.5559999999,0.0,0.0
84,326.90318080000003,0.234559524,1512013.4440000001,1480962.231,0.0,1834936.3930000002,0.0,981515.2639
85,893.1560567,7.259977778,2677696.1980000003,5443064.34,4084721.731,0.0,0.0,0.0
86,430.17172239999996,2.738433333,2220614.741,0.0,0.0,0.0,0.0,0.0
87,383.1894226,6.777505556,2662829.458,2797570.019,2968086.845,0.0,0.0,0.0
88,293.17667850000004,3.418448333,3520210.4960000003,0.0,0.0,0.0,0.0,0.0
89,355.1757424,3.194086364,2001599.254,0.0,0.0,0.0,0.0,0.0
90,146.96480319999998,0.277357292,1806755.72,1870238.957,2042102.0259999998,0.0,0.0,1652073.264
91,239.05891609999998,7.588808332999999,2663090.812,0.0,0.0,0.0,0.0,0.0
92,384.93502810000007,0.231585417,559251.0744,928728.9239,475606.2096,1198268.8159999999,0.0,442464.6843
93,142.927809,8.416722222,2419293.832,2429605.71,1513087.295,2045350.2030000002,0.0,0.0
94,743.1395193,8.074503846,2032641.731,1604778.049,2874533.204,3080594.769,0.0,0.0
95,239.90245269999997,0.069114286,3876803.5560000003,0.0,3666570.433,4998780.808999999,0.0,3829984.057
96,173.9253292,3.483141667,3577987.913,0.0,0.0,0.0,0.0,0.0
97,291.160436,3.5589888889999997,2555142.801,0.0,0.0,0.0,0.0,0.0
98,265.147998,3.527396667,4126176.8910000003,0.0,0.0,592847.4187,0.0,0.0
99,160.9171467,8.405902082999999,1993864.031,1800146.885,1586460.41,1662958.175,0.0,0.0
100,258.9158159,8.649665152,4563719.572,0.0,0.0,0.0,0.0,0.0
101,244.84815719999997,8.40475,1181964.74,1466177.2219999998,1366579.404,1265433.72,0.0,0.0
102,195.02912450000002,2.348153333,2450316.768,1156714.913,942595.3101,0.0,0.0,0.0
103,378.91804049999996,0.231493333,806518.0965,1109234.992,0.0,1010060.401,0.0,1130952.5790000001
104,173.08086780000002,1.3611,2929678.52,3424713.6180000002,2756660.005,0.0,0.0,0.0
105,171.9461835,3.527708333,3324865.026,0.0,0.0,0.0,0.0,0.0
106,178.9766647,0.050956667000000004,3222432.2810000004,2929165.5930000003,0.0,0.0,0.0,0.0
107,194.9053345,3.6029866669999997,3001151.666,0.0,0.0,836445.6027,0.0,0.0
108,285.9083862,8.893295833,3564573.96,3711310.2210000004,3620918.381,0.0,0.0,0.0
109,667.1411437999999,7.742783332999999,1028558.625,761091.5101,1662684.86,0.0,0.0,0.0
110,198.8635883,8.40745,1082487.48,1304901.257,1306218.937,1176849.8329999999,0.0,0.0
111,1011.201602,8.296255833,1636028.7240000002,909546.0358,2116533.715,2194722.708,0.0,1445120.4880000001
112,671.0996322999999,7.209191667000001,962072.8862,0.0,1480121.532,0.0,0.0,0.0
113,184.86288069999998,8.405647222,829783.4554,951024.9136,991800.7423,918458.4251,0.0,0.0
114,151.0389873,0.10982619,2915998.253,0.0,0.0,6580351.165,0.0,0.0
115,320.8861847,0.038741667,2966451.352,0.0,2289834.775,0.0,0.0,0.0
116,186.11254630000002,1.260161111,1078648.038,1502257.0269999998,724778.1218,0.0,0.0,0.0
117,521.0812352,7.468947222000001,1897552.1469999999,1897308.976,3096238.539,0.0,0.0,0.0
118,218.80873739999998,0.258530556,756642.3952,0.0,409613.5553,0.0,0.0,2015350.9619999998
119,228.99378199999998,8.333886111,2584467.844,0.0,0.0,0.0,0.0,0.0
120,239.05909580000002,8.3677,1848944.65,0.0,0.0,0.0,0.0,0.0
121,134.8640459,0.261994444,1669528.1619999998,0.0,1404425.0880000002,0.0,0.0,2384599.8340000003
122,132.86651799999999,0.25879583300000003,1641685.5990000002,1404790.115,0.0,0.0,0.0,2326193.603
123,180.9724706,0.066472222,2621403.222,0.0,0.0,0.0,0.0,2273880.498
124,1025.162623,7.942414368,1162008.607,0.0,1443545.737,1919743.535,0.0,843952.6826
125,216.80858990000002,0.2595,644859.8145,0.0,358291.3942,0.0,0.0,1674948.51
126,200.9237777,8.322799074,2035621.4230000002,0.0,1999533.657,1505513.6169999999,0.0,0.0
127,452.92242999999996,0.231735417,292373.4029,0.0,243836.53699999998,775772.4756,0.0,220829.7949
128,315.1814575,3.1338633330000003,1046848.305,1085680.939,1038530.775,0.0,0.0,0.0
129,293.17609980000003,3.4044,1043702.4040000001,1062802.072,1034275.022,0.0,0.0,0.0
130,445.08494569999993,6.678021429,960334.1574,2106962.119,1994734.9740000002,0.0,0.0,0.0
131,215.12829590000004,2.48925,906741.2661,914735.3066,915431.0087,0.0,0.0,0.0
132,243.0428505,3.438191667,1791870.707,0.0,0.0,0.0,0.0,0.0
133,162.8379239,0.258493939,451475.4148,0.0,165570.7103,3781620.1769999997,0.0,284733.088
134,160.8409095,0.260035897,454500.6347,0.0,198717.2803,3973448.231,0.0,291379.6728
135,146.9598737,0.11772619,2057252.375,0.0,0.0,0.0,0.0,1855906.5259999998
136,815.1790643999999,7.630806944,1180582.654,862284.6665,1806060.644,0.0,0.0,0.0
137,239.0591736,3.051504167,828372.7258,1193374.423,632697.8428,0.0,0.0,0.0
138,313.07907489999997,8.362563889,1340280.082,0.0,0.0,0.0,0.0,0.0
139,544.0387306,6.164214583,813272.7157,593912.3648,0.0,0.0,0.0,0.0
140,965.1955736,7.983335185,1096594.513,0.0,0.0,1818064.366,0.0,0.0
141,145.9295845,0.06235,1608871.858,1688911.273,1643201.971,2288602.223,0.0,0.0
142,164.9261271,0.257996296,785934.8551,649402.6081,628951.9148,2216466.973,0.0,1161324.672
143,231.93122480000002,0.07205555599999999,1693872.227,0.0,0.0,2558765.3140000002,0.0,0.0
144,521.0830061,6.712318519,548233.5017,0.0,1680897.747,0.0,509166.8162,763801.6437
145,223.0277125,7.58525,953577.8859,0.0,0.0,0.0,0.0,0.0
146,217.80934649999998,0.255633333,354428.3565,0.0,196264.2367,0.0,0.0,1018988.561
147,817.159317,7.942734091,895378.6426,653097.4918,1260364.321,1498838.98,0.0,677707.8057
148,239.05891040000003,7.336647222000001,702384.2729999999,3271931.1980000003,682285.7963,0.0,0.0,0.0
149,965.1949538999999,7.4921125,741331.3082,0.0,3353128.848,0.0,0.0,0.0
150,215.86799010000001,0.259498889,300550.967,0.0,0.0,2389478.961,0.0,397693.7563
151,191.94528490000002,0.274677564,575561.3239,571604.8044,545513.9943,526480.8714,0.0,679117.5487
152,351.18303530000003,3.487636667,851488.4119,0.0,0.0,0.0,0.0,0.0
153,192.9972831,3.4709240739999996,980972.6232,0.0,0.0,0.0,0.0,0.0
154,803.1961263,7.333208332999999,444683.7489,1575030.759,530599.2129,0.0,0.0,0.0
155,353.1980794,3.3739388889999997,621219.4971,0.0,0.0,0.0,0.0,0.0
156,671.1000137,7.011204167000001,670064.662,1654067.3469999998,913260.3607,0.0,0.0,0.0
157,697.1453687999999,6.549075926,389492.471,505002.2533,538477.7124,0.0,0.0,0.0
158,336.8593572,0.029177777999999998,916807.1339,0.0,568847.164,1063529.572,0.0,0.0
159,165.0400289,8.362573148,661067.0232,0.0,0.0,0.0,0.0,0.0
160,309.1744337,4.984766667,496624.9235,564658.7644,608542.8587,518174.6895,0.0,1279698.624
161,535.1351143999999,6.678621429,362593.4156,788295.1773,759471.4920000001,0.0,0.0,0.0
162,230.9557642,8.879490476,958216.9044,0.0,0.0,0.0,0.0,0.0
163,657.1391941,6.5485462960000005,261501.796,0.0,958202.6104,0.0,0.0,0.0
164,381.1740479,6.35776,496828.4424,512175.07700000005,2187859.418,0.0,0.0,0.0
165,611.1334339,6.545027273,231296.255,0.0,926820.2740000001,0.0,0.0,0.0
166,343.08246299999996,4.8834666669999995,360421.3859,345854.4107,311075.2015,393949.2367,0.0,453857.4343
167,129.97443810000001,0.27177575800000003,339097.9257,430501.3394,347787.6588,0.0,0.0,0.0
168,244.96096040000003,0.33990833299999995,155047.6986,0.0,0.0,75530.68234,0.0,0.0
169,951.2352261,7.669877777999999,354865.4399,1560428.667,1659391.322,0.0,0.0,0.0
170,126.903608,0.28195952399999996,168957.6686,274774.6481,215354.7573,3724586.5089999996,0.0,0.0
171,224.80295049999998,0.27585,156397.4846,198335.5294,135361.3651,3142916.905,0.0,0.0
172,315.18181360000005,3.264827778,310709.7032,0.0,0.0,0.0,0.0,0.0
173,195.0657785,3.62522619,412779.2129,0.0,0.0,896430.9083,0.0,0.0
174,1025.254712,8.2401225,159418.2911,0.0,224506.7166,196075.3232,0.0,106110.7409
175,250.1446387,4.907367391,200608.1503,132274.5558,208536.7318,163754.3958,0.0,338483.696
176,226.8006706,0.275808333,101431.0447,133752.1309,107170.80900000001,2272926.558,0.0,0.0
177,353.1638165,6.2714729170000005,157814.2958,102649.0066,404631.2617,0.0,0.0,0.0
178,343.0829442,3.580741667,243156.4302,0.0,0.0,0.0,0.0,0.0
179,277.9363098,0.32963333300000003,63245.299510000004,0.0,0.0,0.0,0.0,0.0
180,435.08215099999995,4.595114103,115687.2187,84350.35621,135835.3574,205747.4597,0.0,131658.3989
181,243.042572,8.301825,340619.9575,0.0,0.0,0.0,0.0,0.0
182,285.2072673,4.107198039,133561.2483,128865.8501,132383.755,0.0,0.0,300051.0988
183,381.1950623,6.780513332999999,90456.0999,97422.91433,104440.4272,0.0,0.0,0.0
184,441.1921886,4.325416667,100231.1574,98152.4325,85410.15677999999,162075.6562,0.0,86576.60548
185,214.9277344,0.32963333300000003,69760.78541,0.0,0.0,0.0,0.0,0.0
186,255.2326406,6.262377777999999,87506.9389,0.0,6349199.297,0.0,0.0,0.0
187,139.00590449999999,0.387662121,56437.04064,0.0,0.0,1046623.063,0.0,0.0
188,227.1653086,3.6028111110000003,142420.948,0.0,0.0,0.0,0.0,0.0
189,367.2487183,4.613433333,0.0,29057188.35,2862873.539,0.0,0.0,0.0
190,192.9975935,7.265111905,0.0,16214685.14,0.0,0.0,0.0,0.0
191,297.7331772,8.458525,0.0,1898293.996,2335215.349,0.0,0.0,0.0
192,312.8363245,7.40484697,0.0,15196870.42,0.0,0.0,0.0,6503846.8889999995
193,184.92866130000002,7.417220832999999,0.0,11358729.1,0.0,0.0,0.0,0.0
194,252.91694980000003,7.381135185,0.0,8886888.733,0.0,0.0,0.0,0.0
195,365.23399539999997,4.66268125,0.0,5153835.069,773322.103,0.0,0.0,230247.3772
196,521.0830824,6.7216074070000005,0.0,3706851.173,0.0,800565.3744,0.0,606137.5675
197,134.8932648,7.4107833329999995,0.0,9418970.136,0.0,0.0,0.0,0.0
198,192.9970856,7.515891667000001,0.0,6516695.847,0.0,0.0,215020.1838,0.0
199,239.90274240000002,8.743320833,0.0,10439483.29,0.0,0.0,0.0,0.0
200,328.8302231,8.4404125,0.0,2360795.669,0.0,2798028.935,0.0,0.0
201,248.9599915,7.2908166670000005,0.0,4112686.106,0.0,0.0,0.0,0.0
202,169.98103840000002,7.344011111,0.0,3629955.45,0.0,0.0,0.0,0.0
203,657.1389922999999,6.575669444,0.0,2087568.88,0.0,403880.9162,0.0,273226.6568
204,611.133194,6.574211111,0.0,1926293.99,0.0,411959.5477,0.0,264357.2701
205,157.0104465,7.3199625,0.0,3199661.166,0.0,0.0,0.0,0.0
206,316.94769289999994,7.2908166670000005,0.0,2994831.9560000002,0.0,0.0,0.0,0.0
207,200.9236526,7.4006,0.0,3532960.213,0.0,0.0,0.0,0.0
208,208.92663290000002,7.380814582999999,0.0,2966785.626,0.0,0.0,0.0,0.0
209,258.9160101,8.878556061,0.0,4617768.916,0.0,0.0,0.0,0.0
210,145.92974850000002,8.955145833,0.0,2268306.736,0.0,0.0,0.0,0.0
211,1025.164299,7.400696875,0.0,3032377.664,992326.1881,0.0,0.0,0.0
212,312.8368378,7.163391667000001,0.0,2246305.063,0.0,0.0,0.0,0.0
213,567.0883382000001,7.178727778,0.0,1181935.1909999999,0.0,186966.8331,355893.3067,0.0
214,328.81047060000003,7.398964286,0.0,2888937.2989999996,0.0,0.0,0.0,0.0
215,125.927664,7.411861111,0.0,2455173.9,0.0,0.0,0.0,0.0
216,211.0078735,7.3772583329999994,0.0,2060989.8380000002,0.0,0.0,0.0,0.0
217,258.9156254,8.895688095,0.0,3099843.664,0.0,0.0,0.0,0.0
218,435.2374318,4.582716667,0.0,1307086.832,115912.1411,0.0,0.0,0.0
219,228.99395090000002,8.368031034,0.0,2610574.926,0.0,2201642.065,0.0,0.0
220,212.91014669999998,7.394033332999999,0.0,2541342.421,1194459.406,0.0,0.0,0.0
221,265.1476898,4.439702941,0.0,1982128.128,1829601.246,1708238.491,0.0,1808387.17
222,180.9719238,7.2908166670000005,0.0,1566299.4630000002,0.0,0.0,0.0,0.0
223,440.2649918000001,4.590716667,0.0,779114.8345,0.0,0.0,0.0,0.0
224,383.19046529999997,7.3193,0.0,1331141.1509999998,0.0,0.0,0.0,0.0
225,467.17444860000006,4.611894444,0.0,612164.3592,0.0,0.0,0.0,0.0
226,215.16488999999999,4.114525556,0.0,625561.0254,1176269.6809999999,0.0,0.0,384935.8227
227,450.21249689999996,4.675393333,0.0,270312.7706,0.0,0.0,0.0,0.0
228,433.2222421,4.58187381,0.0,233598.2244,0.0,0.0,0.0,0.0
229,438.2510779,4.675290476,0.0,202147.9314,0.0,0.0,0.0,0.0
230,497.207784,4.613422222,0.0,154003.5641,0.0,0.0,0.0,0.0
231,409.3127577,6.964688889,0.0,334027.5302,0.0,0.0,0.0,0.0
232,503.2248535,4.544741667,0.0,160700.1104,0.0,0.0,0.0,0.0
233,323.2589264,4.613158333,0.0,104738.56800000001,0.0,0.0,0.0,0.0
234,479.27779639999994,4.6220666669999995,0.0,130755.8385,0.0,0.0,0.0,0.0
235,457.18691900000005,4.623974359,0.0,156760.6636,0.0,0.0,0.0,404899.1875
236,269.0455208,3.747,0.0,87843.6393,0.0,0.0,0.0,0.0
237,370.2572937,4.584158333,0.0,57356.01692,0.0,0.0,0.0,0.0
238,200.9240367,7.302988889,0.0,94536.98878,0.0,0.0,0.0,0.0
239,465.1594943,4.682120513,0.0,57924.95125,0.0,0.0,0.0,0.0
240,397.26010130000003,5.175233333,0.0,65077.96366,0.0,0.0,0.0,0.0
241,235.9254761,8.908275,0.0,0.0,35329824.55,0.0,0.0,0.0
242,212.9101902,8.413475926,0.0,0.0,2722505.205,1871724.1709999999,0.0,2114684.316
243,192.9976357,5.666791667000001,0.0,0.0,9134710.206,0.0,1145994.883,0.0
244,559.3092651000001,6.173316667000001,0.0,0.0,7413781.557999999,0.0,0.0,0.0
245,505.3898315,6.16495,0.0,0.0,4212342.402,0.0,0.0,0.0
246,146.93742369999998,0.035041667,0.0,0.0,5871503.572000001,8732151.626,0.0,0.0
247,184.9286957,8.381972222,0.0,0.0,2925644.555,0.0,0.0,0.0
248,471.3489736,5.55565,0.0,0.0,1992815.669,0.0,0.0,0.0
249,320.8861923,8.919975,0.0,0.0,4827010.217,0.0,0.0,0.0
250,367.2486954,5.873691667,0.0,0.0,2874454.58,0.0,245065.9631,0.0
251,248.9606628,6.24595,0.0,0.0,4442758.267,0.0,0.0,0.0
252,316.9485626,5.65773,0.0,0.0,4031160.584,0.0,0.0,0.0
253,339.2004878,6.100977778,0.0,0.0,3396374.778,0.0,0.0,0.0
254,134.89363480000003,5.929779167,0.0,0.0,3469731.827,0.0,0.0,0.0
255,132.92262879999998,5.972213332999999,0.0,0.0,2544607.344,0.0,0.0,0.0
256,178.97674030000002,0.079985,0.0,0.0,2675759.97,0.0,0.0,2644450.525
257,281.24909060000005,6.34835,0.0,0.0,1035626.6190000001,0.0,0.0,0.0
258,325.185791,6.14475,0.0,0.0,1674488.493,0.0,0.0,0.0
259,242.943552,4.096345833,0.0,0.0,1301177.568,0.0,0.0,0.0
260,875.1469376,7.489558333,0.0,0.0,826243.3869,0.0,0.0,0.0
261,313.0784878,8.256340741,0.0,0.0,494844.3904,0.0,0.0,0.0
262,151.03894350000002,8.949810000000001,0.0,0.0,938434.5522,0.0,0.0,655714.5669
263,173.0811157,4.972276667,0.0,0.0,719662.4191,0.0,0.0,0.0
264,457.31769749999995,6.112802082999999,0.0,0.0,470951.4049,0.0,0.0,0.0
265,365.2331848,6.358525,0.0,0.0,478975.6027,0.0,0.0,0.0
266,165.039753,8.233902381,0.0,0.0,363403.6031,433977.6685,0.0,399228.3769
267,243.15965649999998,4.685125,0.0,0.0,402204.8313,0.0,4254529.531,0.0
268,467.1739883,6.340041667,0.0,0.0,124985.4982,0.0,0.0,0.0
269,315.1814423,4.656108333,0.0,0.0,170551.9519,0.0,1089363.355,0.0
270,463.1519737,6.287314583,0.0,0.0,139880.7246,82114.25251,0.0,314975.3826
271,179.03450880000003,8.929395238,0.0,0.0,260738.43,0.0,0.0,0.0
272,195.0643489,1.35132963,0.0,0.0,150843.4408,0.0,0.0,479153.7855
273,293.1770355,3.510203333,0.0,0.0,145861.9035,0.0,0.0,0.0
274,275.168906,4.667152632,0.0,0.0,70669.4613,0.0,0.0,38837.55569
275,195.0652771,2.6804,0.0,0.0,0.0,356293538.4,0.0,0.0
276,181.0499708,2.0119777780000003,0.0,0.0,0.0,175649959.7,0.0,0.0
277,197.80715940000002,8.453271428999999,0.0,0.0,0.0,37306373.35,0.0,34758621.64
278,593.1212768999999,7.467116667000001,0.0,0.0,0.0,107058320.9,0.0,0.0
279,195.8102283,8.453070833,0.0,0.0,0.0,30452995.05,0.0,28278359.72
280,199.80416330000003,8.452488095,0.0,0.0,0.0,18094447.01,0.0,16750770.75
281,683.1719055,7.467116667000001,0.0,0.0,0.0,50878059.17,0.0,0.0
282,743.1389465,7.626283333,0.0,0.0,0.0,78500611.61,0.0,0.0
283,729.1778259,7.443683332999999,0.0,0.0,0.0,49367798.44,0.0,0.0
284,743.1391907000001,7.301741667000001,0.0,0.0,0.0,38993672.74,0.0,0.0
285,306.948143,2.931933333,0.0,0.0,0.0,42997107.85,0.0,0.0
286,235.925471,8.527644444,0.0,0.0,0.0,102187320.9,0.0,110675668.2
287,507.12143449999996,6.158505556000001,0.0,0.0,0.0,27123822.0,0.0,0.0
288,205.8390369,8.453475,0.0,0.0,0.0,14774168.92,0.0,15261666.22
289,207.836049,8.453376922999999,0.0,0.0,0.0,13770173.43,0.0,14637714.73
290,207.93087340000002,8.868833333,0.0,0.0,0.0,69968572.6,0.0,0.0
291,190.927447,8.543027777999999,0.0,0.0,0.0,70343491.06,0.0,74517877.74
292,215.8678963,8.474225,0.0,0.0,0.0,10573753.08,0.0,0.0
293,307.855835,8.561016667,0.0,0.0,0.0,44371209.42,0.0,0.0
294,461.11564639999995,6.160158332999999,0.0,0.0,0.0,11160028.3,0.0,0.0
295,789.1441854,7.42665,0.0,0.0,0.0,8013658.153,0.0,0.0
296,146.937383,8.543027777999999,0.0,0.0,0.0,48178649.62,0.0,49889556.07
297,225.896698,8.479916667000001,0.0,0.0,0.0,16244020.48,0.0,0.0
298,235.9256821,8.942888888999999,0.0,0.0,0.0,17584320.52,0.0,0.0
299,174.9549294,8.968820832999999,0.0,0.0,0.0,28434913.86,0.0,0.0
300,336.8585612,8.54315,0.0,0.0,0.0,29920523.63,0.0,33997627.09
301,174.955122,3.0573708330000002,0.0,0.0,0.0,12834154.83,0.0,0.0
302,194.0814266,3.6979916669999997,0.0,0.0,0.0,13521112.07,0.0,0.0
303,134.8639959,8.482922222000001,0.0,0.0,0.0,7302402.182999999,0.0,0.0
304,207.9305191,8.935655556,0.0,0.0,0.0,14078847.55,0.0,0.0
305,209.83305980000003,8.454292424,0.0,0.0,0.0,4468761.688,0.0,4585916.699
306,132.8665217,8.483165152,0.0,0.0,0.0,7121887.792,0.0,7675868.082
307,833.1890869,7.624458333,0.0,0.0,0.0,12630390.7,0.0,0.0
308,178.976799,8.529480556000001,0.0,0.0,0.0,22767191.83,0.0,21862319.01
309,235.9254913,0.048816667,0.0,0.0,0.0,20942040.64,0.0,0.0
310,205.83903759999998,0.259408333,0.0,0.0,0.0,5157895.267,0.0,156798.8667
311,190.92758940000002,8.938933333,0.0,0.0,0.0,11977885.96,0.0,0.0
312,207.83615880000002,0.257170833,0.0,0.0,0.0,4863123.465,0.0,0.0
313,222.82939040000002,8.460038095,0.0,0.0,0.0,2570251.784,0.0,2653111.547
314,224.82627209999998,8.458578571,0.0,0.0,0.0,2413014.2169999997,0.0,0.0
315,206.9719486,8.503683333,0.0,0.0,0.0,14515560.44,0.0,16027371.55
316,207.9305496,0.04895,0.0,0.0,0.0,16989772.99,0.0,0.0
317,197.8071136,0.25465,0.0,0.0,0.0,3177823.959,0.0,0.0
318,145.9295553,8.542244444,0.0,0.0,0.0,15296521.4,0.0,0.0
319,180.9723949,8.522745833,0.0,0.0,0.0,16197776.88,0.0,18751930.37
320,187.92784630000003,8.499127778,0.0,0.0,0.0,15754537.67,0.0,16701189.35
321,190.9275188,0.048410417000000004,0.0,0.0,0.0,14038279.49,0.0,8326469.846
322,195.8101501,0.25465,0.0,0.0,0.0,2570309.5069999998,0.0,0.0
323,187.0965983,1.752177778,0.0,0.0,0.0,7472331.366,0.0,0.0
324,146.937645,8.943347222,0.0,0.0,0.0,7669354.795,0.0,0.0
325,173.9250763,8.436376667000001,0.0,0.0,0.0,3821683.159,0.0,3904351.83
326,316.7378387,0.268366667,0.0,0.0,0.0,3134658.087,0.0,0.0
327,893.1559041000002,7.2623888889999995,0.0,0.0,0.0,5003127.549,0.0,0.0
328,789.1453756,7.207422222000001,0.0,0.0,0.0,3671418.7210000004,0.0,0.0
329,243.1596375,3.163375,0.0,0.0,0.0,5214948.0030000005,0.0,0.0
330,167.03417969999998,1.53825,0.0,0.0,0.0,6593666.176,0.0,0.0
331,144.9226387,3.5762949999999996,0.0,0.0,0.0,8971855.843,0.0,0.0
332,182.90196740000002,8.500611111,0.0,0.0,0.0,4895194.868,0.0,0.0
333,195.02912519999998,2.367716667,0.0,0.0,0.0,7217195.516,0.0,0.0
334,352.85353189999995,8.532535556000001,0.0,0.0,0.0,10505671.39,0.0,0.0
335,195.0654736,3.123175,0.0,0.0,0.0,4678069.552,0.0,0.0
336,453.7864075,8.5476125,0.0,0.0,0.0,8911183.372000001,0.0,0.0
337,180.04161069999998,2.6804,0.0,0.0,0.0,3685169.792,0.0,0.0
338,151.0388896,0.11744444400000001,0.0,0.0,0.0,8809923.218,0.0,708252.0703
339,242.94342039999998,0.133478431,0.0,0.0,0.0,2561742.827,0.0,4175129.495
340,143.9379069,8.499127778,0.0,0.0,0.0,7943839.655,0.0,8748517.181
341,180.97262659999998,0.131672222,0.0,0.0,0.0,1768954.3969999999,0.0,3007409.0439999998
342,567.0878601,7.628308333,0.0,0.0,0.0,3650966.709,0.0,0.0
343,307.8561325,8.961133333,0.0,0.0,0.0,3422053.066,0.0,0.0
344,239.9023895,8.898066667,0.0,0.0,0.0,6889150.687000001,0.0,0.0
345,166.0258789,2.2164833330000002,0.0,0.0,0.0,2842258.777,0.0,0.0
346,173.925478,3.084375,0.0,0.0,0.0,3949704.183,0.0,0.0
347,209.83316230000003,0.25836527800000003,0.0,0.0,0.0,1536610.261,0.0,0.0
348,239.9029358,3.0259400000000003,0.0,0.0,0.0,3576951.21,0.0,0.0
349,391.1394043,2.670583333,0.0,0.0,0.0,1806780.4019999998,0.0,0.0
350,167.0339839,2.954027778,0.0,0.0,0.0,2942215.6360000004,0.0,0.0
351,219.06597140000002,2.531,0.0,0.0,0.0,2522445.115,0.0,0.0
352,310.9308502,0.227196667,0.0,0.0,0.0,1536135.105,0.0,2089605.1230000001
353,178.97661589999998,8.95505,0.0,0.0,0.0,3442325.2189999996,0.0,0.0
354,375.8432973,8.594788889,0.0,0.0,0.0,5882149.146000001,0.0,6311545.957
355,255.82202379999998,0.267033333,0.0,0.0,0.0,1624697.769,0.0,0.0
356,385.9939575,3.1109,0.0,0.0,0.0,1734774.717,0.0,0.0
357,355.15824889999993,6.270016667,0.0,0.0,0.0,3014184.3230000003,0.0,0.0
358,318.7377879,0.274625,0.0,0.0,0.0,1350124.936,0.0,0.0
359,671.099678,7.208920833,0.0,0.0,0.0,1787694.6030000001,0.0,0.0
360,383.18943019999995,6.782004167,0.0,0.0,0.0,2897795.711,0.0,0.0
361,180.9725876,3.088025,0.0,0.0,0.0,3181593.018,0.0,0.0
362,315.18198650000005,3.1253444439999996,0.0,0.0,0.0,1702727.865,0.0,0.0
363,965.1956367,7.4977395829999995,0.0,0.0,0.0,3064087.095,0.0,0.0
364,320.8862457,8.916741667,0.0,0.0,0.0,3627766.0039999997,0.0,0.0
365,180.97229,8.95505,0.0,0.0,0.0,2647017.6459999997,0.0,0.0
366,178.97697069999998,3.085416667,0.0,0.0,0.0,2713735.587,0.0,0.0
367,151.03898180000002,8.965357143,0.0,0.0,0.0,4053157.727,0.0,0.0
368,445.0846863,6.679075,0.0,0.0,0.0,1646103.1069999998,0.0,0.0
369,184.92878059999998,8.312999999999999,0.0,0.0,0.0,2211682.1769999997,0.0,0.0
370,471.2029419,5.869061905,0.0,0.0,0.0,788077.2395,0.0,1160844.071
371,145.929599,8.92865,0.0,0.0,0.0,2535059.693,0.0,0.0
372,307.85628760000003,0.016211111,0.0,0.0,0.0,3807970.922,0.0,0.0
373,967.1957855,7.4975520829999995,0.0,0.0,0.0,2195918.89,0.0,0.0
374,521.0813163,7.47645,0.0,0.0,0.0,2305838.872,0.0,1505150.745
375,178.97672590000002,0.15014027800000002,0.0,0.0,0.0,3628050.1489999997,0.0,0.0
376,320.8866526,0.166793056,0.0,0.0,0.0,4096720.1139999996,0.0,0.0
377,803.1065199,7.9692876539999995,0.0,0.0,0.0,1733314.176,0.0,1067391.945
378,173.9255981,3.51444,0.0,0.0,0.0,2573674.3419999997,0.0,0.0
379,307.85600089999997,0.09473541699999999,0.0,0.0,0.0,2821995.874,0.0,1867014.459
380,803.1059011,7.262008333,0.0,0.0,0.0,1389634.517,0.0,0.0
381,320.8868195,0.36396,0.0,0.0,0.0,3620081.526,0.0,1592617.6630000002
382,256.9552231,3.1228958330000003,0.0,0.0,0.0,2235311.547,0.0,0.0
383,173.0808868,1.3595416669999998,0.0,0.0,0.0,2649087.932,0.0,0.0
384,375.1095795,4.424856667,0.0,0.0,0.0,1550521.632,0.0,0.0
385,667.1412475999999,7.744638332999999,0.0,0.0,0.0,1495917.5019999999,0.0,0.0
386,352.8541473,8.941239999999999,0.0,0.0,0.0,1755529.629,0.0,0.0
387,307.8567963,0.357957143,0.0,0.0,0.0,3830372.1119999997,0.0,0.0
388,167.0348267,0.11658333300000001,0.0,0.0,0.0,3126151.895,0.0,0.0
389,285.9083252,8.947083333,0.0,0.0,0.0,1755307.3380000002,0.0,0.0
390,258.91591800000003,8.970456667,0.0,0.0,0.0,1628227.175,0.0,0.0
391,167.034993,0.08413,0.0,0.0,0.0,2222244.611,0.0,0.0
392,234.81943230000005,8.4000875,0.0,0.0,0.0,1302479.408,0.0,1378454.999
393,206.9725075,8.973697222,0.0,0.0,0.0,2007441.78,0.0,0.0
394,1026.163066,7.42475,0.0,0.0,0.0,1909281.8590000002,0.0,0.0
395,186.1126421,1.256868519,0.0,0.0,0.0,1020061.2679999999,0.0,0.0
396,336.8585815,8.963033333,0.0,0.0,0.0,1108262.627,0.0,0.0
397,180.97254180000002,3.645066667,0.0,0.0,0.0,1641728.775,0.0,0.0
398,239.9029668,3.523566667,0.0,0.0,0.0,1303376.519,0.0,0.0
399,951.2350044,7.673935417,0.0,0.0,0.0,1634888.898,0.0,702747.4065
400,242.9431432,8.951627777999999,0.0,0.0,0.0,1963261.994,0.0,0.0
401,182.988032,3.6663,0.0,0.0,0.0,1286719.945,0.0,0.0
402,636.1282882999999,7.470283332999999,0.0,0.0,0.0,937084.8742,0.0,0.0
403,285.90862660000005,0.11719583300000001,0.0,0.0,0.0,2313686.103,0.0,0.0
404,313.07831830000003,7.868344444,0.0,0.0,0.0,959618.2193,0.0,0.0
405,951.2346671,7.867845237999999,0.0,0.0,0.0,843504.2266,0.0,0.0
406,293.1764047,3.4092285710000003,0.0,0.0,0.0,975488.2555,0.0,393041.9832
407,182.9877396,3.100283333,0.0,0.0,0.0,1324828.96,0.0,0.0
408,304.91414960000003,0.150796078,0.0,0.0,0.0,1561244.6730000002,0.0,1705777.594
409,239.059082,3.0496,0.0,0.0,0.0,714304.4728,0.0,0.0
410,817.1628403,7.721506348999999,0.0,0.0,0.0,631020.2072,0.0,0.0
411,521.0825348000001,6.570991667,0.0,0.0,0.0,443554.3266,0.0,0.0
412,875.1459141,7.477626042000001,0.0,0.0,0.0,844503.4945,0.0,289541.3907
413,321.07718660000006,4.450391667,0.0,0.0,0.0,593499.3236,0.0,0.0
414,595.0997662999999,7.741245237999999,0.0,0.0,0.0,521255.5299,0.0,0.0
415,158.9773712,0.215738889,0.0,0.0,0.0,297566.2317,0.0,541431.3051
416,228.99167250000002,2.734075,0.0,0.0,0.0,529156.2778,0.0,0.0
417,343.08271569999994,5.820521428999999,0.0,0.0,0.0,190427.5728,0.0,212257.1696
418,315.25424780000003,4.209916667,0.0,0.0,0.0,400975.8465,0.0,0.0
419,230.9558204,0.212409524,0.0,0.0,0.0,773903.1905,0.0,0.0
420,191.0348765,3.073788889,0.0,0.0,0.0,626570.0171,0.0,0.0
421,239.0592829,4.604294444,0.0,0.0,0.0,157618.2724,1252925.299,0.0
422,326.083252,3.1587333330000003,0.0,0.0,0.0,115429.2248,0.0,0.0
423,357.0624527,3.716226667,0.0,0.0,0.0,158218.5374,0.0,0.0
424,422.91843739999996,5.0067357139999995,0.0,0.0,0.0,103682.0165,0.0,0.0
425,717.1079526000001,6.80824058,0.0,0.0,0.0,107447.1371,0.0,0.0
426,193.0860176,3.0281916669999998,0.0,0.0,0.0,89168.07669,0.0,0.0
427,179.03426819999999,0.075186667,0.0,0.0,0.0,190939.1786,0.0,0.0
428,471.20284649999996,5.382595833,0.0,0.0,0.0,67542.83557000001,0.0,0.0
429,137.0229492,2.2159999999999997,0.0,0.0,0.0,61494.15594,0.0,0.0
430,387.07287599999995,3.2456333330000002,0.0,0.0,0.0,51497.48971,0.0,0.0
431,310.931488,3.1589333330000002,0.0,0.0,0.0,64464.877089999994,0.0,0.0
432,389.1244253,3.999683333,0.0,0.0,0.0,31405.691319999998,0.0,0.0
433,255.23269480000002,6.268127777999999,0.0,0.0,0.0,48980.029089999996,0.0,0.0
434,279.2334671,5.731404167000001,0.0,0.0,0.0,25052.48541,0.0,0.0
435,385.2955017,5.5607,0.0,0.0,0.0,0.0,5078956166.0,0.0
436,771.5986937999999,5.5607,0.0,0.0,0.0,0.0,3445457204.0,0.0
437,201.1485596,5.5607,0.0,0.0,0.0,0.0,3040528803.0,0.0
438,371.2798157,5.367216667,0.0,0.0,0.0,0.0,603036186.2,0.0
439,197.8070774,8.4518125,0.0,0.0,0.0,0.0,35143205.97,0.0
440,485.21891280000006,5.612894444,0.0,0.0,0.0,0.0,213325290.2,0.0
441,743.5675049,5.359516667,0.0,0.0,0.0,0.0,137788726.7,0.0
442,195.8101552,8.454288888999999,0.0,0.0,0.0,0.0,28542716.56,0.0
443,793.5804443,5.623016667000001,0.0,0.0,0.0,0.0,206886576.0,0.0
444,174.95491280000002,8.42865,0.0,0.0,0.0,0.0,58500637.05,0.0
445,199.80408290000003,8.451283333,0.0,0.0,0.0,0.0,16515410.54,0.0
446,144.922248,8.413264815,0.0,0.0,0.0,0.0,35065570.67,31474477.73
447,235.9255219,8.531222222,0.0,0.0,0.0,0.0,101382817.8,0.0
448,383.1894023,6.7696,0.0,0.0,0.0,0.0,35286881.17,0.0
449,765.5491333,5.367216667,0.0,0.0,0.0,0.0,41547819.92,0.0
450,187.1327744,5.367216667,0.0,0.0,0.0,0.0,33432359.85,0.0
451,355.1581828,6.253266667,0.0,0.0,0.0,0.0,32122755.28,0.0
452,205.8390249,8.459016667,0.0,0.0,0.0,0.0,15875961.97,0.0
453,312.836319,8.412738889,0.0,0.0,0.0,0.0,9146914.277999999,8019064.471
454,207.83600619999999,8.459,0.0,0.0,0.0,0.0,15102583.07,0.0
455,593.1217498999999,7.464716667,0.0,0.0,0.0,0.0,29013228.65,0.0
456,207.93061730000002,8.7412625,0.0,0.0,0.0,0.0,76020969.62,0.0
457,190.9275074,8.561633333,0.0,0.0,0.0,0.0,79105131.51,0.0
458,231.93119240000001,8.432172917,0.0,0.0,0.0,0.0,29767519.34,0.0
459,439.2672119,5.367216667,0.0,0.0,0.0,0.0,31376984.43,0.0
460,134.8933264,8.414445833,0.0,0.0,0.0,0.0,5679365.295,0.0
461,200.8581841,8.40410873,0.0,0.0,0.0,0.0,13176414.68,12645882.67
462,215.86795550000002,8.475030556,0.0,0.0,0.0,0.0,11179658.32,10830548.2
463,307.8558472,8.563419999999999,0.0,0.0,0.0,0.0,47519792.72,0.0
464,316.94769289999994,0.230083333,0.0,0.0,0.0,0.0,6569902.812000001,0.0
465,201.1487732,4.7094,0.0,0.0,0.0,0.0,17389251.31,0.0
466,357.2650375,4.898575,0.0,0.0,0.0,0.0,19690073.06,0.0
467,146.93741609999998,8.564033333,0.0,0.0,0.0,0.0,48053796.34,0.0
468,343.2493591,4.724416667,0.0,0.0,0.0,0.0,16818302.4,0.0
469,248.9598923,0.230083333,0.0,0.0,0.0,0.0,7264463.291,0.0
470,174.9549408,0.09010833300000001,0.0,0.0,0.0,0.0,27564182.34,29341640.44
471,453.28302,5.52325,0.0,0.0,0.0,0.0,6432377.29,0.0
472,743.1393738,7.624138889,0.0,0.0,0.0,0.0,10634238.84,0.0
473,235.9255676,8.917541667,0.0,0.0,0.0,0.0,32042096.3,0.0
474,683.1724243,7.46455,0.0,0.0,0.0,0.0,13894237.44,0.0
475,217.86496430000003,8.47531,0.0,0.0,0.0,0.0,6785363.1620000005,0.0
476,471.20465089999993,5.359516667,0.0,0.0,0.0,0.0,20165028.36,0.0
477,225.8967805,8.476759091,0.0,0.0,0.0,0.0,15346766.75,14991828.15
478,384.9349213,0.230083333,0.0,0.0,0.0,0.0,4150871.923,0.0
479,1201.8634029999998,5.5607,0.0,0.0,0.0,0.0,18840604.79,0.0
480,757.5832519999999,5.517916667000001,0.0,0.0,0.0,0.0,4507264.708000001,0.0
481,336.85873219999996,8.549002083,0.0,0.0,0.0,0.0,37651087.85,0.0
482,385.29676820000003,6.276138888999999,0.0,0.0,0.0,0.0,20897421.06,0.0
483,729.178009,7.448675,0.0,0.0,0.0,0.0,11558229.01,0.0
484,322.886777,8.428124242,0.0,0.0,0.0,0.0,5261704.518,5632724.18
485,421.272522,5.623016667000001,0.0,0.0,0.0,0.0,21134998.76,0.0
486,207.9304199,8.919105556,0.0,0.0,0.0,0.0,25718585.92,0.0
487,134.86408490000002,8.481744444,0.0,0.0,0.0,0.0,8207471.853999999,8185613.159
488,304.91397969999997,8.428363095,0.0,0.0,0.0,0.0,4313824.915,4756948.637
489,132.8664831,8.482794444,0.0,0.0,0.0,0.0,7924523.001,0.0
490,452.9224853999999,0.230083333,0.0,0.0,0.0,0.0,3046054.716,0.0
491,194.081454,3.697552778,0.0,0.0,0.0,0.0,12199721.06,11663961.88
492,405.1734772,4.971266667,0.0,0.0,0.0,0.0,9201785.422,0.0
493,242.9430452,8.420222727,0.0,0.0,0.0,0.0,4041985.453,4389456.444
494,209.8329926,8.459016667,0.0,0.0,0.0,0.0,4735504.676,0.0
495,222.82932030000003,8.458575,0.0,0.0,0.0,0.0,2740186.1139999996,0.0
496,224.8263588,8.46015,0.0,0.0,0.0,0.0,2679363.92,2506756.035
497,293.17909239999994,5.5607,0.0,0.0,0.0,0.0,11943593.48,0.0
498,470.2734375,5.65335,0.0,0.0,0.0,0.0,17589511.58,0.0
499,178.97666930000003,8.531222222,0.0,0.0,0.0,0.0,23148682.27,0.0
500,470.27328489999996,5.52325,0.0,0.0,0.0,0.0,2744331.836,0.0
501,190.9280983,8.884358333,0.0,0.0,0.0,0.0,19373088.48,0.0
502,325.1850662,5.4725083329999995,0.0,0.0,0.0,0.0,10510970.58,0.0
503,448.2906188999999,5.623016667000001,0.0,0.0,0.0,0.0,15556343.66,0.0
504,483.2259216,5.623016667000001,0.0,0.0,0.0,0.0,10706237.23,0.0
505,235.92552569999998,0.050891667,0.0,0.0,0.0,0.0,15779031.88,16575092.66
506,132.922178,8.420447618999999,0.0,0.0,0.0,0.0,2730521.895,2517040.547
507,520.9095764,0.229141667,0.0,0.0,0.0,0.0,1994157.971,0.0
508,125.87177279999999,8.468308333,0.0,0.0,0.0,0.0,5314445.091,5041706.653
509,187.09655759999998,1.7503083330000002,0.0,0.0,0.0,0.0,8361215.197000001,0.0
510,201.14889340000002,5.5125,0.0,0.0,0.0,0.0,12050237.3,0.0
511,206.9719798,8.502905556,0.0,0.0,0.0,0.0,17021375.5,0.0
512,180.97240119999998,8.52857381,0.0,0.0,0.0,0.0,17983309.51,0.0
513,212.9101105,8.4128,0.0,0.0,0.0,0.0,1892413.101,0.0
514,893.5055542000001,5.65335,0.0,0.0,0.0,0.0,10467648.11,0.0
515,228.85334509999998,8.400039167000001,0.0,0.0,0.0,0.0,3629348.767,0.0
516,279.0876694,3.108525,0.0,0.0,0.0,0.0,6255089.122,0.0
517,1213.821289,5.5607,0.0,0.0,0.0,0.0,10073616.18,0.0
518,187.92784880000002,8.502066667000001,0.0,0.0,0.0,0.0,15455094.33,0.0
519,145.9295553,8.535677778,0.0,0.0,0.0,0.0,18511570.08,16422085.7
520,207.9306984,0.024558332999999998,0.0,0.0,0.0,0.0,12853592.11,0.0
521,385.2957458,6.786383333,0.0,0.0,0.0,0.0,11098102.81,0.0
522,399.1842117,6.781708332999999,0.0,0.0,0.0,0.0,7101298.646000001,0.0
523,299.9190582,8.416983333,0.0,0.0,0.0,0.0,2845941.539,3098278.52
524,187.94090649999998,8.430476667,0.0,0.0,0.0,0.0,7843813.7360000005,0.0
525,525.2120972,5.65335,0.0,0.0,0.0,0.0,12002766.7,0.0
526,743.1395263999999,7.2899833329999995,0.0,0.0,0.0,0.0,6629622.542,0.0
527,588.8972472999999,0.229141667,0.0,0.0,0.0,0.0,1313940.976,0.0
528,180.9722735,0.226608333,0.0,0.0,0.0,0.0,3284898.395,0.0
529,229.9005675,8.413124242,0.0,0.0,0.0,0.0,1217984.775,1175374.0
530,173.9251048,8.436127778,0.0,0.0,0.0,0.0,3531324.3439999996,0.0
531,507.1220154,6.179993333,0.0,0.0,0.0,0.0,2565234.256,11428838.79
532,146.9374542,8.918058333,0.0,0.0,0.0,0.0,8582639.383,0.0
533,468.2175903,5.576766667,0.0,0.0,0.0,0.0,7009065.432999999,0.0
534,516.2026978,5.367216667,0.0,0.0,0.0,0.0,6726668.9629999995,0.0
535,182.9018829,8.494216667,0.0,0.0,0.0,0.0,5994365.387999999,5927507.246
536,446.2759399,5.150733333,0.0,0.0,0.0,0.0,6136739.435,0.0
537,456.25773619999995,5.367216667,0.0,0.0,0.0,0.0,5854681.142000001,0.0
538,1195.8491210000002,5.5607,0.0,0.0,0.0,0.0,6659447.454,0.0
539,174.9553935,5.445602778,0.0,0.0,0.0,0.0,10781654.86,0.0
540,965.1964444,7.472359091,0.0,0.0,0.0,0.0,6227330.629,0.0
541,965.1952972000001,7.506938889,0.0,0.0,0.0,0.0,6623177.91,1155142.243
542,453.78650819999996,8.541097500000001,0.0,0.0,0.0,0.0,10475952.67,9779014.991
543,190.92745969999999,0.013233333,0.0,0.0,0.0,0.0,8973606.056,0.0
544,328.81019289999995,8.413775,0.0,0.0,0.0,0.0,3096478.738,3073319.36
545,320.88616939999997,8.518173333,0.0,0.0,0.0,0.0,10405652.06,9780764.549
546,239.9030891,8.875017816,0.0,0.0,0.0,0.0,10146761.56,0.0
547,352.8534126,8.538008332999999,0.0,0.0,0.0,0.0,10636032.5,10434204.54
548,182.98784469999998,8.397703571000001,0.0,0.0,0.0,0.0,5712095.506,10463074.55
549,201.14882659999998,6.816388889,0.0,0.0,0.0,0.0,6606271.77,0.0
550,967.1947632000001,7.504661111,0.0,0.0,0.0,0.0,5725533.512999999,1004512.503
551,146.96474080000002,0.272504167,0.0,0.0,0.0,0.0,3582497.466,0.0
552,553.2077637,5.731816667,0.0,0.0,0.0,0.0,7883531.097,0.0
553,199.8502684,8.40215625,0.0,0.0,0.0,0.0,2948919.832,2879357.3419999997
554,312.83654789999997,7.372124073999999,0.0,0.0,0.0,0.0,7587794.675,0.0
555,144.9225998,5.858975,0.0,0.0,0.0,0.0,6242970.214,0.0
556,134.8932978,5.5415555560000005,0.0,0.0,0.0,0.0,8652650.093,2340189.881
557,194.9055971,5.611678571000001,0.0,0.0,0.0,0.0,5426161.915,0.0
558,371.15319489999996,6.273740741,0.0,0.0,0.0,0.0,3548689.367,0.0
559,328.83032349999996,8.439216667,0.0,0.0,0.0,0.0,2796013.7389999996,2391041.602
560,483.3073425,5.367216667,0.0,0.0,0.0,0.0,4601365.303,0.0
561,507.12155149999995,6.16225,0.0,0.0,0.0,0.0,3065080.8039999995,0.0
562,129.9350128,8.434597777999999,0.0,0.0,0.0,0.0,2201861.522,0.0
563,142.92782119999998,8.413547436,0.0,0.0,0.0,0.0,1771482.102,1514135.989
564,239.9025818,8.894286667000001,0.0,0.0,0.0,0.0,6774221.612000001,0.0
565,411.2362061,4.7094,0.0,0.0,0.0,0.0,2949265.1560000004,0.0
566,313.27491760000004,5.9647,0.0,0.0,0.0,0.0,2808962.725,0.0
567,222.8402668,8.411516667,0.0,0.0,0.0,0.0,1676982.57,1415228.826
568,833.1897583,7.620583333,0.0,0.0,0.0,0.0,2007331.8390000002,0.0
569,309.17417400000005,4.98835,0.0,0.0,0.0,0.0,3023483.937,0.0
570,491.18320719999997,6.784413889,0.0,0.0,0.0,0.0,3064013.883,0.0
571,951.2348022,7.661111111,0.0,0.0,0.0,0.0,3393827.514,0.0
572,501.2384491,5.367216667,0.0,0.0,0.0,0.0,3531019.6119999997,0.0
573,146.9374898,0.046872222000000005,0.0,0.0,0.0,0.0,5467560.036,0.0
574,311.1689212,4.920809649,0.0,0.0,0.0,0.0,3804528.498,1914464.006
575,244.84826759999999,8.406066667000001,0.0,0.0,0.0,0.0,1457133.4340000001,1500567.802
576,160.91724399999998,8.400185965,0.0,0.0,0.0,0.0,2168374.5840000003,1699037.6709999999
577,174.95536040000002,3.0193,0.0,0.0,0.0,0.0,4255645.075,0.0
578,192.99737549999998,6.799583332999999,0.0,0.0,0.0,0.0,2172586.8219999997,0.0
579,341.3061981,6.528833333,0.0,0.0,0.0,0.0,2544179.122,0.0
580,507.25427249999996,5.402033332999999,0.0,0.0,0.0,0.0,3721983.22,0.0
581,198.8636424,8.40627037,0.0,0.0,0.0,0.0,1485333.408,1302010.0729999999
582,381.19505310000005,6.770791667,0.0,0.0,0.0,0.0,1796249.7219999998,0.0
583,192.9975693,7.072513333,0.0,0.0,0.0,0.0,2947904.9439999997,0.0
584,789.144104,7.420966667,0.0,0.0,0.0,0.0,1472412.884,0.0
585,234.81941030000002,8.406620833,0.0,0.0,0.0,0.0,2171755.227,0.0
586,311.2014427,5.0571875,0.0,0.0,0.0,0.0,1962376.532,0.0
587,463.1516113,6.26847,0.0,0.0,0.0,0.0,1882114.3069999998,0.0
588,184.86292269999998,8.401806667,0.0,0.0,0.0,0.0,1022531.2359999999,957522.6574
589,221.0818609,2.9489,0.0,0.0,0.0,0.0,1724712.326,0.0
590,299.25894930000004,5.8287,0.0,0.0,0.0,0.0,1958943.78,0.0
591,789.1447601,7.6218,0.0,0.0,0.0,0.0,1543185.955,0.0
592,1025.165457,7.379828205,0.0,0.0,0.0,0.0,3225303.7169999997,0.0
593,182.9879684,2.9672,0.0,0.0,0.0,0.0,2915519.414,0.0
594,144.92242180000002,5.221405556000001,0.0,0.0,0.0,0.0,3106249.186,0.0
595,184.9289009,8.343658332999999,0.0,0.0,0.0,0.0,2688475.332,0.0
596,320.886795,8.963211111,0.0,0.0,0.0,0.0,3848206.375,0.0
597,173.0808258,1.36955,0.0,0.0,0.0,0.0,3503699.445,0.0
598,180.9724646,8.919458333,0.0,0.0,0.0,0.0,3049162.6610000003,0.0
599,239.9024531,0.06625,0.0,0.0,0.0,0.0,3607906.66,0.0
600,201.14883930000002,3.195455556,0.0,0.0,0.0,0.0,1689212.352,0.0
601,353.16366580000005,6.252041667,0.0,0.0,0.0,0.0,1681251.496,0.0
602,217.14390559999998,5.104883333,0.0,0.0,0.0,0.0,1540475.62,0.0
603,327.290568,6.275744444,0.0,0.0,0.0,0.0,1300106.259,0.0
604,417.2855225,5.334383333,0.0,0.0,0.0,0.0,2186593.079,0.0
605,134.8933258,6.7715,0.0,0.0,0.0,0.0,1743009.125,0.0
606,145.9295654,8.924833332999999,0.0,0.0,0.0,0.0,2543491.226,0.0
607,265.1477417,4.444783333,0.0,0.0,0.0,0.0,1949681.1409999998,0.0
608,461.11622869999997,6.823605556,0.0,0.0,0.0,0.0,784789.2885,4853783.916
609,182.9879862,5.39465,0.0,0.0,0.0,0.0,2783375.3880000003,0.0
610,965.1957685000001,8.326755882,0.0,0.0,0.0,0.0,2052358.253,2953110.4930000002
611,285.9085642,8.887125,0.0,0.0,0.0,0.0,3286997.602,0.0
612,204.90630190000002,0.22135666699999998,0.0,0.0,0.0,0.0,847091.0433,575586.1328
613,255.2325668,6.259516667000001,0.0,0.0,0.0,0.0,1638057.134,0.0
614,173.11715700000002,5.0565,0.0,0.0,0.0,0.0,1316321.611,0.0
615,367.2490573,4.611551852,0.0,0.0,0.0,0.0,1418246.11,705843.781
616,158.97734069999998,0.211833333,0.0,0.0,0.0,0.0,648615.2885,0.0
617,200.9238281,7.398808333,0.0,0.0,0.0,0.0,1857245.5769999998,0.0
618,242.9430275,8.9803,0.0,0.0,0.0,0.0,3005641.8219999997,0.0
619,461.1161477,6.1578523810000005,0.0,0.0,0.0,0.0,1198728.562,0.0
620,178.9768622,0.084035714,0.0,0.0,0.0,0.0,2274422.954,0.0
621,202.9055655,0.221683333,0.0,0.0,0.0,0.0,701627.6928,459292.2175
622,228.9935684,8.405858333,0.0,0.0,0.0,0.0,1462220.6430000002,2829347.0160000003
623,743.1404739,8.095583332999999,0.0,0.0,0.0,0.0,1589227.575,1615086.851
624,218.8089563,0.264590351,0.0,0.0,0.0,0.0,735045.6414,0.0
625,443.1723887,4.662511111000001,0.0,0.0,0.0,0.0,630926.1784,0.0
626,134.8935699,6.217341667,0.0,0.0,0.0,0.0,1553327.876,0.0
627,875.1458879,7.499934848,0.0,0.0,0.0,0.0,1798348.38,0.0
628,327.291044,6.289447619,0.0,0.0,0.0,0.0,1132173.6,75146.52777999999
629,200.9241269,8.376438889,0.0,0.0,0.0,0.0,1544104.419,0.0
630,875.1447143999999,7.4905,0.0,0.0,0.0,0.0,1578633.0180000002,0.0
631,215.12828059999998,2.48465,0.0,0.0,0.0,0.0,990498.4465,0.0
632,252.91669309999997,7.4026566670000005,0.0,0.0,0.0,0.0,2002255.414,0.0
633,180.9727097,0.080971429,0.0,0.0,0.0,0.0,2184298.7180000003,0.0
634,186.1125031,1.256716667,0.0,0.0,0.0,0.0,808408.5243,0.0
635,216.80867450000002,0.263078431,0.0,0.0,0.0,0.0,597966.9007,0.0
636,134.86404419999997,0.250894444,0.0,0.0,0.0,0.0,1191779.371,0.0
637,733.3059082000001,6.252041667,0.0,0.0,0.0,0.0,790761.9647,0.0
638,132.8665314,0.250894444,0.0,0.0,0.0,0.0,1207068.5259999998,0.0
639,129.9744858,0.26300999999999997,0.0,0.0,0.0,0.0,733433.3776,0.0
640,423.1452637,6.252041667,0.0,0.0,0.0,0.0,676374.0920000001,0.0
641,221.1540298,4.482244444,0.0,0.0,0.0,0.0,955493.5004,0.0
642,145.9295769,0.051945833,0.0,0.0,0.0,0.0,1532137.3369999998,1577251.0669999998
643,285.90853880000003,0.02471,0.0,0.0,0.0,0.0,1614448.085,0.0
644,304.9139748,0.106485417,0.0,0.0,0.0,0.0,1420214.92,0.0
645,507.12138480000004,8.301109524,0.0,0.0,0.0,0.0,939727.6534,207709.0311
646,815.1793822999999,7.6498190479999995,0.0,0.0,0.0,0.0,815624.2751,783555.0679
647,328.8317242,7.37308125,0.0,0.0,0.0,0.0,1250919.294,0.0
648,965.197308,7.998172222000001,0.0,0.0,0.0,0.0,953015.7008,962379.9587
649,375.10857539999995,4.404096667,0.0,0.0,0.0,0.0,851225.6417,0.0
650,217.80953030000003,0.266788333,0.0,0.0,0.0,0.0,357961.5852,0.0
651,195.0292363,2.337508889,0.0,0.0,0.0,0.0,831075.5701,0.0
652,343.08317569999997,4.893465,0.0,0.0,0.0,0.0,687962.1172,0.0
653,164.92614619999998,0.253033333,0.0,0.0,0.0,0.0,618988.796,0.0
654,239.05896069999997,7.8695818179999995,0.0,0.0,0.0,0.0,749025.6726,0.0
655,1025.163936,7.935789744,0.0,0.0,0.0,0.0,679469.5146,0.0
656,265.1475372,4.879116667,0.0,0.0,0.0,0.0,668608.231,0.0
657,1025.162315,8.247973485,0.0,0.0,0.0,0.0,705366.5483,967354.4137
658,151.0391853,0.059957576,0.0,0.0,0.0,0.0,818107.5119,0.0
659,250.1444435,4.902875,0.0,0.0,0.0,0.0,515643.8995,0.0
660,134.8935534,4.944738889,0.0,0.0,0.0,0.0,752158.3391,0.0
661,1011.2022910000001,8.310475926,0.0,0.0,0.0,0.0,498315.4014,0.0
662,215.8108029,0.268103125,0.0,0.0,0.0,0.0,246466.0107,0.0
663,230.95596940000001,8.970933333,0.0,0.0,0.0,0.0,876237.058,0.0
664,194.90552390000002,4.949875,0.0,0.0,0.0,0.0,633938.6708,0.0
665,315.25414900000004,4.101162121000001,0.0,0.0,0.0,0.0,290720.5736,219252.2038
666,343.082467,4.87877963,0.0,0.0,0.0,0.0,391277.3996,0.0
667,146.9652049,4.922105556,0.0,0.0,0.0,0.0,608776.9139,0.0
668,521.082798,6.5428208329999995,0.0,0.0,0.0,0.0,221715.8544,0.0
669,445.08493039999996,6.680677778,0.0,0.0,0.0,0.0,215766.8204,0.0
670,211.00854869999998,6.987225,0.0,0.0,0.0,0.0,490219.0745,0.0
671,875.1454455,8.330038888999999,0.0,0.0,0.0,0.0,417160.9302,0.0
672,235.9260941,2.990016667,0.0,0.0,0.0,0.0,451173.4602,0.0
673,893.1584995999999,7.7527166670000005,0.0,0.0,0.0,0.0,250530.5563,0.0
674,803.1070897999999,7.962976471,0.0,0.0,0.0,0.0,417438.3442,0.0
675,636.1299722,7.466057143,0.0,0.0,0.0,0.0,234599.3997,0.0
676,313.07941439999996,6.688962179,0.0,0.0,0.0,0.0,337373.49799999996,144916.6107
677,165.0397355,7.871688095,0.0,0.0,0.0,0.0,316545.423,261012.1301
678,239.0596883,5.6736769229999995,0.0,0.0,0.0,0.0,289781.5984,0.0
679,525.2126007,5.053129167,0.0,0.0,0.0,0.0,167828.5966,0.0
680,459.16644289999994,4.597658333,0.0,0.0,0.0,0.0,95464.23533,0.0
681,313.07885739999995,7.064294444,0.0,0.0,0.0,0.0,138863.7971,0.0
682,579.1944885,5.412225,0.0,0.0,0.0,0.0,163747.9921,0.0
683,293.1772308,5.559688888999999,0.0,0.0,0.0,0.0,208821.4359,0.0
684,242.94318769999998,3.176145833,0.0,0.0,0.0,0.0,207267.2006,0.0
685,285.24379480000005,4.609327778,0.0,0.0,0.0,0.0,159363.6122,0.0
686,399.27496339999993,4.243483333,0.0,0.0,0.0,0.0,123315.0885,0.0
687,829.1515416,7.317804762000001,0.0,0.0,0.0,0.0,89711.18489,0.0
688,293.17774239999994,3.6914111110000003,0.0,0.0,0.0,0.0,187674.688,0.0
689,365.23316960000005,4.822295833,0.0,0.0,0.0,0.0,203556.9533,680446.0095
690,485.18281349999995,3.9601744439999997,0.0,0.0,0.0,0.0,146562.2152,0.0
691,179.034845,5.431993332999999,0.0,0.0,0.0,0.0,220947.5558,0.0
692,567.0920715,6.7272642860000005,0.0,0.0,0.0,0.0,131753.0278,0.0
693,129.9748077,4.677980000000001,0.0,0.0,0.0,0.0,208644.283,0.0
694,165.0401678,7.045198611,0.0,0.0,0.0,0.0,117353.6184,0.0
695,378.9188454,3.28070303,0.0,0.0,0.0,0.0,176789.8894,0.0
696,1025.255005,8.232894872000001,0.0,0.0,0.0,0.0,99260.67702999999,0.0
697,411.0043335,3.9361599999999997,0.0,0.0,0.0,0.0,92370.59272,0.0
698,457.1880629,4.724657407,0.0,0.0,0.0,0.0,176066.9091,0.0
699,441.1922563999999,4.314704762,0.0,0.0,0.0,0.0,83589.96558999999,0.0
700,591.1998137999999,5.163504167,0.0,0.0,0.0,0.0,105307.3778,0.0
701,365.2334747,7.972888889,0.0,0.0,0.0,0.0,133868.8658,0.0
702,431.1851853999999,3.7493807689999996,0.0,0.0,0.0,0.0,42249.87364,0.0
703,357.0618515,3.711475,0.0,0.0,0.0,0.0,70954.61091,0.0
704,299.2601128,5.173941667,0.0,0.0,0.0,0.0,36553.53907,0.0
705,178.8142293,0.26850555600000003,0.0,0.0,0.0,0.0,32794.76117,0.0
706,401.2539368,5.3043833330000005,0.0,0.0,0.0,0.0,0.0,6613443669.0
707,803.5160522000001,5.30635,0.0,0.0,0.0,0.0,0.0,1654673984.0
708,387.23888139999997,4.967236111,0.0,0.0,0.0,0.0,0.0,243615592.5
709,593.121582,7.4673,0.0,0.0,0.0,0.0,0.0,78288389.5
710,501.17936710000004,5.333591667,0.0,0.0,0.0,0.0,0.0,169331605.6
711,683.1721802000001,7.4673,0.0,0.0,0.0,0.0,0.0,38653265.28
712,307.2281342,5.30635,0.0,0.0,0.0,0.0,0.0,38113302.46
713,825.4975586,5.358866667,0.0,0.0,0.0,0.0,0.0,58469134.9
714,729.1779175,7.44665,0.0,0.0,0.0,0.0,0.0,30075659.76
715,743.1393345,7.619988095,0.0,0.0,0.0,0.0,0.0,40465185.5
716,283.22769669999997,5.279777778,0.0,0.0,0.0,0.0,0.0,32960868.78
717,297.2444211,4.870388095,0.0,0.0,0.0,0.0,0.0,30104555.46
718,207.93046950000002,8.542330556,0.0,0.0,0.0,0.0,0.0,78238291.22
719,639.1277161,7.465991667000001,0.0,0.0,0.0,0.0,0.0,19034495.44
720,404.261879,5.30635,0.0,0.0,0.0,0.0,0.0,33439390.88
721,743.1395569,7.292883333,0.0,0.0,0.0,0.0,0.0,17245892.09
722,307.8557841,8.542811111,0.0,0.0,0.0,0.0,0.0,48670498.22
723,856.4272461000002,5.3043833330000005,0.0,0.0,0.0,0.0,0.0,15516671.3
724,253.25374219999998,4.9649,0.0,0.0,0.0,0.0,0.0,15613422.2
725,415.2701111,5.84475,0.0,0.0,0.0,0.0,0.0,15868851.18
726,868.4278869999999,5.3043833330000005,0.0,0.0,0.0,0.0,0.0,24518676.53
727,369.22901410000003,5.145961111,0.0,0.0,0.0,0.0,0.0,17112390.04
728,235.92561800000001,8.901673333,0.0,0.0,0.0,0.0,0.0,26925807.7
729,469.2416687,5.265833333,0.0,0.0,0.0,0.0,0.0,4733299.192
730,174.9550056,8.996945833,0.0,0.0,0.0,0.0,0.0,27672394.89
731,469.2423706,5.391772222,0.0,0.0,0.0,0.0,0.0,33307091.19
732,253.25251009999997,5.3043833330000005,0.0,0.0,0.0,0.0,0.0,11876232.65
733,207.9304466,8.892761111,0.0,0.0,0.0,0.0,0.0,21446843.53
734,418.2889252,5.84475,0.0,0.0,0.0,0.0,0.0,9870827.849
735,507.122424,6.3729409089999995,0.0,0.0,0.0,0.0,0.0,8729983.429
736,311.2592621,5.337025,0.0,0.0,0.0,0.0,0.0,18346511.04
737,339.2541199,5.3043833330000005,0.0,0.0,0.0,0.0,0.0,9321021.742
738,486.15559389999993,4.9686333330000005,0.0,0.0,0.0,0.0,0.0,10229668.5
739,385.29621119999996,5.573541667000001,0.0,0.0,0.0,0.0,0.0,8838876.281
740,456.1817017,5.4478,0.0,0.0,0.0,0.0,0.0,17228072.45
741,207.93046950000002,0.055058333,0.0,0.0,0.0,0.0,0.0,13567175.51
742,833.1895142000001,7.628566667,0.0,0.0,0.0,0.0,0.0,6650160.207
743,187.0966644,1.7503,0.0,0.0,0.0,0.0,0.0,7640252.276000001
744,355.15827939999997,6.264375,0.0,0.0,0.0,0.0,0.0,7145035.062000001
745,455.2261658,4.9686333330000005,0.0,0.0,0.0,0.0,0.0,9476786.114
746,789.1433105000001,7.425783332999999,0.0,0.0,0.0,0.0,0.0,4179027.6139999996
747,885.4304199,5.3043833330000005,0.0,0.0,0.0,0.0,0.0,7534836.282000001
748,500.1704407,5.4478,0.0,0.0,0.0,0.0,0.0,12354375.62
749,499.1853638,5.358866667,0.0,0.0,0.0,0.0,0.0,9419594.805
750,243.1597595,3.1649,0.0,0.0,0.0,0.0,0.0,4375013.244
751,789.1454671,7.617999999999999,0.0,0.0,0.0,0.0,0.0,4949130.624
752,201.1488113,5.5755166670000005,0.0,0.0,0.0,0.0,0.0,4920055.7360000005
753,239.9024925,8.55845625,0.0,0.0,0.0,0.0,0.0,10357517.03
754,144.9222107,5.618016667000001,0.0,0.0,0.0,0.0,0.0,6684968.686000001
755,383.18955489999996,6.7804,0.0,0.0,0.0,0.0,0.0,4081650.913
756,145.0121155,5.358866667,0.0,0.0,0.0,0.0,0.0,5429846.632
757,461.11637879999995,6.175459524,0.0,0.0,0.0,0.0,0.0,2729015.251
758,441.1578369,4.9686333330000005,0.0,0.0,0.0,0.0,0.0,2292630.392
759,484.1765137,5.5568,0.0,0.0,0.0,0.0,0.0,4864422.708000001
760,239.9025269,8.907566667000001,0.0,0.0,0.0,0.0,0.0,5327435.062
761,311.2228241,4.9686333330000005,0.0,0.0,0.0,0.0,0.0,3031297.3510000003
762,321.2409973,4.98205,0.0,0.0,0.0,0.0,0.0,3705141.0560000003
763,146.9376221,0.03777,0.0,0.0,0.0,0.0,0.0,5203580.734
764,893.1563721000001,7.255516667,0.0,0.0,0.0,0.0,0.0,1890719.9409999999
765,471.2034403,6.278758333,0.0,0.0,0.0,0.0,0.0,2678637.804
766,415.2342021,3.3133888889999996,0.0,0.0,0.0,0.0,0.0,2088042.6369999999
767,789.1454163,7.205727777999999,0.0,0.0,0.0,0.0,0.0,1375931.924
768,429.28573610000007,5.930566667000001,0.0,0.0,0.0,0.0,0.0,2119405.4480000003
769,424.1564636,4.993158333,0.0,0.0,0.0,0.0,0.0,1304336.73
770,320.8862087,8.903992857,0.0,0.0,0.0,0.0,0.0,3375277.728
771,285.9086548,8.700283333,0.0,0.0,0.0,0.0,0.0,4516413.097
772,239.9030031,0.347202778,0.0,0.0,0.0,0.0,0.0,3515537.063
773,461.27612300000004,4.725866667,0.0,0.0,0.0,0.0,0.0,1702574.312
774,173.0810525,1.37992619,0.0,0.0,0.0,0.0,0.0,3310089.724
775,471.19104000000004,4.9686333330000005,0.0,0.0,0.0,0.0,0.0,2055206.023
776,357.26518250000004,5.7065083329999995,0.0,0.0,0.0,0.0,0.0,1616237.803
777,567.0884338,7.61799,0.0,0.0,0.0,0.0,0.0,2092518.3930000002
778,146.93748469999997,1.289316667,0.0,0.0,0.0,0.0,0.0,1111436.285
779,431.22971090000004,3.027955556,0.0,0.0,0.0,0.0,0.0,1340021.563
780,285.9083862,8.900816667,0.0,0.0,0.0,0.0,0.0,2578858.74
781,471.203125,6.635713636,0.0,0.0,0.0,0.0,0.0,951680.9144
782,271.22763060000005,5.5945666670000005,0.0,0.0,0.0,0.0,0.0,1340431.2
783,417.2495728,3.5244,0.0,0.0,0.0,0.0,0.0,1947874.81
784,178.9771554,0.256730952,0.0,0.0,0.0,0.0,0.0,2588967.293
785,200.92397769999997,8.296803333,0.0,0.0,0.0,0.0,0.0,2050414.1630000002
786,343.24942020000003,5.1296375,0.0,0.0,0.0,0.0,0.0,1594869.394
787,315.1815376,3.1293958330000002,0.0,0.0,0.0,0.0,0.0,1111829.388
788,152.97755049999998,0.16752166699999999,0.0,0.0,0.0,0.0,0.0,864918.4443
789,293.1760162,3.401203333,0.0,0.0,0.0,0.0,0.0,808092.2124
790,320.8862488,0.054220000000000004,0.0,0.0,0.0,0.0,0.0,1907089.4780000001
791,192.99752619999998,5.3903729170000005,0.0,0.0,0.0,0.0,0.0,1420937.5259999998
792,671.0998657,7.207496667000001,0.0,0.0,0.0,0.0,0.0,696160.9174
793,215.12830730000005,2.487008333,0.0,0.0,0.0,0.0,0.0,959830.8411
794,192.9973094,5.23345,0.0,0.0,0.0,0.0,0.0,1779369.747
795,295.228241,5.742291667000001,0.0,0.0,0.0,0.0,0.0,962626.7565
796,195.0291138,2.343122222,0.0,0.0,0.0,0.0,0.0,934217.5688
797,239.0592829,3.046344444,0.0,0.0,0.0,0.0,0.0,677960.3322
798,186.11255390000002,1.26295,0.0,0.0,0.0,0.0,0.0,594471.5547
799,367.2488556,6.3138,0.0,0.0,0.0,0.0,0.0,927177.3907
800,299.2232306,4.942038095,0.0,0.0,0.0,0.0,0.0,853775.5882
801,1025.1621699999998,7.440238889,0.0,0.0,0.0,0.0,0.0,939449.3647
802,258.91626549999995,0.048485417,0.0,0.0,0.0,0.0,0.0,1419998.052
803,803.1063843,7.256438889,0.0,0.0,0.0,0.0,0.0,526448.9395
804,194.90573369999998,5.5512611110000005,0.0,0.0,0.0,0.0,0.0,734257.577
805,611.1345551,6.702478332999999,0.0,0.0,0.0,0.0,0.0,350722.8677
806,397.167038,4.964483333,0.0,0.0,0.0,0.0,0.0,429612.8124
807,313.079172,8.335741452999999,0.0,0.0,0.0,0.0,0.0,690164.8506
808,491.1830953,6.781766667,0.0,0.0,0.0,0.0,0.0,293426.0269
809,343.0833588,5.3884625,0.0,0.0,0.0,0.0,0.0,422189.1773
810,255.2326431,6.260366667,0.0,0.0,0.0,0.0,0.0,315880.6944
811,333.0985036,3.268234444,0.0,0.0,0.0,0.0,0.0,393831.2775
812,875.1460465,7.522405797,0.0,0.0,0.0,0.0,0.0,194941.0639
813,255.23282930000002,4.94362,0.0,0.0,0.0,0.0,0.0,170545.0379
814,285.2435883,5.62296,0.0,0.0,0.0,0.0,0.0,227127.5169
815,313.27525330000003,5.960358332999999,0.0,0.0,0.0,0.0,0.0,170751.9743
816,299.25980760000004,5.894808332999999,0.0,0.0,0.0,0.0,0.0,153456.6435
817,341.30624389999997,6.524283333,0.0,0.0,0.0,0.0,0.0,116620.5591
818,297.2442754,5.942169444,0.0,0.0,0.0,0.0,0.0,159264.6223
819,243.19679359999998,4.854175,0.0,0.0,0.0,0.0,0.0,114088.7595
820,327.2547709,5.822716667000001,0.0,0.0,0.0,0.0,0.0,94807.54865
821,299.25975800000003,5.768145832999999,0.0,0.0,0.0,0.0,0.0,111037.6204
822,401.2187653,3.304566667,0.0,0.0,0.0,0.0,0.0,48329.78512
823,383.20847319999996,4.7194333330000005,0.0,0.0,0.0,0.0,0.0,33185.28258
824,299.9192932,7.005996667000001,0.0,0.0,0.0,0.0,0.0,86341.79897
825,313.2393468,4.7303861110000005,0.0,0.0,0.0,0.0,0.0,45933.67757
