feature_id,mz,rt,TIC,charge,mgf_index,rule_points,status,adduct_count,Adnotation
4,195.8102,507.308,7044000.0,1.0,0,0,singleton,0,
5,397.1865,211.637,326000.0,-1.0,1,0,singleton,0,
8,199.8041,507.308,3041000.0,1.0,2,0,singleton,0,
9,595.1202,448.511,1863000.0,-1.0,3,0,singleton,0,
10,235.9255,512.206,902000.0,-1.0,4,0,precursor,0,
13,205.839,507.446,2666400.0,1.0,5,0,adduct,0,[2M+Cl]-
15,207.9305,513.335,1112000.0,-1.0,6,0,singleton,0,
17,190.9275,512.959,2713000.0,1.0,7,0,adduct,0,[M-H+HCOOH]-
19,231.9311,505.605,918200.0,-1.0,8,0,adduct,0,[M-H]-
20,507.1213,370.013,8398000.0,-1.0,9,1,adduct,0,[M-H+HCOOH]-
24,174.955,5.587,784000.0,1.0,10,0,adduct,0,[M-H+HCOOH]-
25,304.9139,505.773,366900.0,-1.0,11,0,adduct,0,[M-2H+Na]-
29,194.0815,222.231,720000.0,-1.0,12,0,singleton,0,
31,387.1579,211.169,71300.0,-1.0,13,0,singleton,0,
35,369.1918,168.02,520100.0,-1.0,14,0,singleton,0,
39,461.1159,369.974,1362000.0,-1.0,15,0,adduct,0,[M-H]-
40,789.1443,445.639,574700.0,-1.0,16,1,adduct,0,[M-H+HCOOH]-
41,414.1767,211.637,504500.0,-1.0,17,0,singleton,0,
43,192.9279,505.542,440600.0,1.0,18,0,fragment,0,
46,789.1446,457.418,542200.0,-1.0,19,0,adduct,0,[M-H+HCOOH]-
47,299.919,505.198,163600.0,-1.0,20,1,adduct,0,[M-2H+Na+HCOOH]-
49,206.972,510.907,414000.0,1.0,21,0,singleton,0,
50,145.9296,512.903,130800.0,1.0,22,0,fragment,0,
51,187.9409,505.597,471100.0,-1.0,23,0,fragment,0,
53,187.9278,510.262,889500.0,-1.0,24,0,precursor,0,
59,182.9019,509.951,383100.0,1.0,25,0,singleton,0,
60,369.1917,211.637,190000.0,-1.0,26,0,singleton,0,
63,352.8534,512.792,247500.0,-1.0,27,0,precursor,0,
68,248.9599,13.921,439100.0,1.0,28,0,singleton,0,
69,239.9024,515.825,172000.0,1.0,29,0,adduct,0,[M-H]-
70,316.9477,13.891,756400.0,-1.0,30,0,singleton,0,
71,143.938,510.509,339100.0,1.0,31,0,fragment,0,
73,239.9024,533.667,137300.0,-1.0,32,0,adduct,0,[M-H]-
75,413.1816,164.306,32000.0,-1.0,33,0,singleton,0,
77,369.1917,122.475,95800.0,-1.0,34,0,singleton,0,
78,184.9289,452.287,649000.0,-1.0,35,0,singleton,0,
80,567.0881,457.874,155800.0,-1.0,36,1,adduct,0,[M-H+HCOOH]-
81,394.8904,13.873,208200.0,-1.0,37,0,adduct,0,[M-2H+Na+HCOOH]-
82,222.8403,504.77,68100.0,-1.0,38,1,adduct,0,[2M-2H+Na]-
83,328.8101,504.823,570700.0,1.0,39,1,adduct,0,[2M-2H+K]-
84,326.9032,14.074,192200.0,-1.0,40,0,adduct,0,[M-H]-
85,893.1561,435.599,426500.0,-1.0,41,0,singleton,0,
86,430.1717,164.306,143800.0,-1.0,42,0,singleton,0,
88,293.1767,205.107,475100.0,-1.0,43,0,singleton,0,
89,355.1757,191.645,194800.0,-1.0,44,0,singleton,0,
91,239.0589,455.328,123100.0,-1.0,45,0,singleton,0,
92,384.935,13.895,532300.0,-1.0,46,0,adduct,0,[M-H]-
93,142.9278,505.003,731100.0,1.0,47,0,singleton,0,
94,743.1395,484.47,240800.0,-1.0,48,0,singleton,0,
95,239.9025,4.147,107300.0,-1.0,49,0,adduct,0,[M-H]-
96,173.9253,208.988,242500.0,1.0,50,0,adduct,0,[M-2H+K]-
97,291.1604,213.539,70200.0,-1.0,51,0,singleton,0,
98,265.148,211.644,155800.0,-1.0,52,0,singleton,0,
99,160.9171,504.354,328600.0,-1.0,53,0,singleton,0,
100,258.9158,518.98,110200.0,-1.0,54,0,singleton,0,
101,244.8482,504.285,321300.0,-1.0,55,0,singleton,0,
103,378.918,13.89,155700.0,-1.0,56,0,singleton,0,
105,171.9462,211.662,110500.0,1.0,57,0,adduct,0,[M+Cl]-
107,194.9053,216.179,154100.0,-1.0,58,0,singleton,0,
113,184.8629,504.339,467400.0,1.0,59,0,singleton,0,
114,151.039,6.59,326100.0,-1.0,60,0,singleton,0,
116,186.1125,75.61,78400.0,-1.0,61,0,singleton,0,
117,521.0812,448.137,108900.0,-1.0,62,0,adduct,0,[M-H]-
119,228.9938,500.033,142500.0,-1.0,63,0,singleton,0,
120,239.0591,502.062,101600.0,-1.0,64,0,singleton,0,
121,134.864,15.72,563500.0,1.0,65,0,singleton,0,
122,132.8665,15.528,246300.0,1.0,66,0,singleton,0,
123,180.9725,3.988,114700.0,1.0,67,0,singleton,0,
124,1025.1626,476.545,335300.0,-1.0,68,0,singleton,0,
127,452.9224,13.904,402500.0,-1.0,69,0,adduct,0,[M-2H+Na+HCOOH]-
132,243.0429,206.291,282100.0,1.0,70,0,singleton,0,
133,162.8379,15.51,53200.0,-1.0,71,0,singleton,0,
134,160.8409,15.602,158900.0,-1.0,72,0,singleton,0,
135,146.9599,7.064,170500.0,1.0,73,0,singleton,0,
136,815.1791,457.848,167500.0,-1.0,74,0,singleton,0,
138,313.0791,501.754,616500.0,1.0,75,0,precursor,0,
139,544.0387,369.853,74000.0,-1.0,76,0,singleton,0,
141,145.9296,3.741,32100.0,1.0,77,0,singleton,0,
143,231.9312,4.323,33300.0,-1.0,78,0,singleton,0,
144,521.083,402.739,100600.0,-1.0,79,0,singleton,0,
145,223.0277,455.115,66800.0,1.0,80,0,singleton,0,
146,217.8093,15.338,60000.0,1.0,81,0,singleton,0,
147,817.1593,476.564,160900.0,-1.0,82,0,singleton,0,
148,239.0589,440.199,80200.0,-1.0,83,0,singleton,0,
150,215.868,15.57,171100.0,1.0,84,0,adduct,0,[M-H+HCOOH]-
151,191.9453,16.481,170800.0,1.0,85,0,singleton,0,
152,351.183,209.258,240800.0,-1.0,86,0,singleton,0,
153,192.9973,208.255,104400.0,1.0,87,0,singleton,0,
154,803.1961,439.993,240200.0,-1.0,88,0,singleton,0,
155,353.1981,202.436,250800.0,-1.0,89,0,singleton,0,
156,671.1,420.672,229800.0,-1.0,90,0,singleton,0,
157,697.1454,392.945,180400.0,-1.0,91,0,singleton,0,
158,336.8594,1.751,107700.0,-1.0,92,1,adduct,0,[2M-H+HCOOH]-
159,165.04,501.754,75100.0,-1.0,93,0,singleton,0,
161,535.1351,400.717,165600.0,-1.0,94,0,precursor,0,
162,230.9558,532.769,45300.0,-1.0,95,0,singleton,0,
164,381.174,381.466,160200.0,-1.0,96,0,singleton,0,
165,611.1334,392.702,226100.0,-1.0,97,1,adduct,0,[2M-H]-
168,244.961,20.394,236400.0,-1.0,98,0,singleton,0,
169,951.2352,460.193,696200.0,-1.0,99,0,singleton,0,
170,126.9036,16.918,1006300.0,1.0,100,0,singleton,0,
171,224.803,16.551,199800.0,1.0,101,0,singleton,0,
173,195.0658,217.514,10192000.0,1.0,102,0,singleton,0,
174,1025.2547,494.407,327200.0,-1.0,103,0,singleton,0,
175,250.1446,294.442,165800.0,-1.0,104,0,singleton,0,
176,226.8007,16.549,129100.0,1.0,105,0,singleton,0,
178,343.0829,214.845,277400.0,-1.0,106,0,singleton,0,
179,277.9363,19.778,92700.0,-1.0,107,0,singleton,0,
180,435.0822,275.707,216900.0,-1.0,108,0,singleton,0,
181,243.0426,498.11,85700.0,1.0,109,0,singleton,0,
182,285.2073,246.432,104200.0,-1.0,110,0,singleton,0,
183,381.1951,406.831,235100.0,1.0,111,0,singleton,0,
184,441.1922,259.525,3111000.0,-1.0,112,0,singleton,0,
185,214.9277,19.778,122600.0,-1.0,113,0,singleton,0,
186,255.2326,375.743,126800.0,-1.0,114,0,singleton,0,
187,139.0059,23.26,187000.0,1.0,115,0,singleton,0,
188,227.1653,216.169,79200.0,1.0,116,0,singleton,0,
189,367.2487,276.806,97200000.0,-1.0,117,0,adduct,0,[M-H]-
190,192.9976,435.907,644300.0,-1.0,118,0,singleton,0,
191,297.7332,507.512,60900.0,-1.0,119,0,singleton,0,
192,312.8363,444.291,417000.0,-1.0,120,1,adduct,0,[2M-2H+Na]-
194,252.9169,442.868,274500.0,-1.0,121,0,singleton,0,
196,521.0831,403.296,223700.0,-1.0,122,0,singleton,0,
197,134.8933,444.647,458700.0,-1.0,123,0,singleton,0,
198,192.9971,450.953,259500.0,1.0,124,0,singleton,0,
200,328.8302,506.425,287000.0,1.0,125,0,adduct,0,[3M+Cl]-
201,248.96,437.449,63700.0,1.0,126,0,singleton,0,
202,169.981,440.641,208900.0,1.0,127,0,singleton,0,
203,657.139,394.54,302500.0,-1.0,128,1,adduct,0,[2M-H+HCOOH]-
204,611.1332,394.453,300400.0,-1.0,129,1,adduct,0,[2M-H]-
205,157.0104,439.198,171800.0,1.0,130,0,singleton,0,
206,316.9477,437.449,43000.0,-1.0,131,0,singleton,0,
208,208.9266,442.849,113400.0,-1.0,132,0,singleton,0,
209,258.916,532.713,123600.0,-1.0,133,0,adduct,0,[M-2H+Na+HCOOH]-
210,145.9297,537.309,55300.0,1.0,134,0,singleton,0,
212,312.8368,429.803,219900.0,1.0,135,0,singleton,0,
213,567.0883,430.724,95600.0,-1.0,136,0,singleton,0,
214,328.8105,443.938,204500.0,-1.0,137,1,adduct,0,[2M-2H+K]-
215,125.9277,444.712,85200.0,-1.0,138,0,singleton,0,
216,211.0079,442.636,127600.0,-1.0,139,0,singleton,0,
218,435.2374,274.963,471000.0,-1.0,140,1,adduct,0,[M-2H+Na+HCOOH]-
219,228.994,502.082,461400.0,1.0,141,0,singleton,0,
220,212.9101,443.642,72600.0,-1.0,142,0,adduct,0,[M-2H+Na+HCOOH]-
221,265.1477,266.382,442000.0,1.0,143,0,singleton,0,
222,180.9719,437.449,66600.0,1.0,144,0,singleton,0,
223,440.265,275.443,299500.0,-1.0,145,0,precursor,0,
224,383.1905,439.158,134200.0,-1.0,146,0,singleton,0,
225,467.1744,276.714,3242000.0,-1.0,147,0,singleton,0,
226,215.1649,246.872,14970000.0,-1.0,148,0,singleton,0,
227,450.2125,280.524,143600.0,-1.0,149,0,singleton,0,
228,433.2222,274.912,761200.0,-1.0,150,0,singleton,0,
229,438.2511,280.517,342500.0,-1.0,151,0,precursor,0,
230,497.2078,276.805,124300.0,-1.0,152,0,singleton,0,
231,409.3128,417.881,214800.0,-1.0,153,0,singleton,0,
232,503.2249,272.685,61000.0,-1.0,154,0,singleton,0,
233,323.2589,276.789,708000.0,-1.0,155,0,fragment,0,
234,479.2778,277.324,87000.0,-1.0,156,0,singleton,0,
236,269.0455,224.82,1610000.0,-1.0,157,0,singleton,0,
237,370.2573,275.049,259600.0,1.0,158,0,singleton,0,
238,200.924,438.179,372500.0,1.0,159,0,singleton,0,
239,465.1595,280.927,2663000.0,-1.0,160,0,singleton,0,
240,397.2601,310.514,230300.0,-1.0,161,0,singleton,0,
241,235.9255,534.496,273500.0,-1.0,162,0,precursor,0,
242,212.9102,504.809,104900.0,-1.0,163,0,singleton,0,
243,192.9976,340.007,398100.0,-1.0,164,0,singleton,0,
244,559.3093,370.399,372900.0,-1.0,165,0,singleton,0,
245,505.3898,369.897,57600.0,1.0,166,0,singleton,0,
248,471.349,333.339,146100.0,-1.0,167,0,singleton,0,
249,320.8862,535.199,145300.0,-1.0,168,0,precursor,0,
250,367.2487,352.421,185100.0,-1.0,169,0,singleton,0,
251,248.9607,374.757,72500.0,-1.0,170,0,singleton,0,
252,316.9486,339.464,67500.0,-1.0,171,0,singleton,0,
253,339.2005,366.059,107600.0,-1.0,172,0,singleton,0,
254,134.8936,355.787,270000.0,-1.0,173,0,singleton,0,
255,132.9226,358.333,575000.0,1.0,174,0,singleton,0,
256,178.9767,4.799,114600.0,1.0,175,0,singleton,0,
257,281.2491,380.901,934000.0,-1.0,176,0,singleton,0,
258,325.1858,368.685,297700.0,-1.0,177,0,singleton,0,
259,242.9436,245.781,110300.0,-1.0,178,0,singleton,0,
260,875.1469,449.373,165500.0,-1.0,179,0,singleton,0,
263,173.0811,298.337,97700.0,1.0,180,0,singleton,0,
264,457.3177,366.768,120600.0,-1.0,181,0,singleton,0,
265,365.2332,381.512,43700.0,1.0,182,0,singleton,0,
267,243.1597,281.108,197700.0,1.0,183,0,singleton,0,
268,467.174,380.402,147400.0,-1.0,184,0,singleton,0,
269,315.1814,279.366,74600.0,-1.0,185,0,singleton,0,
270,463.152,377.239,151200.0,-1.0,186,0,precursor,0,
271,179.0345,535.764,194200.0,1.0,187,0,singleton,0,
272,195.0643,81.08,136300.0,-1.0,188,0,singleton,0,
274,275.1689,280.029,134300.0,-1.0,189,0,singleton,0,
275,195.0653,160.824,4618000.0,-1.0,190,0,singleton,0,
276,181.05,120.719,8517000.0,-1.0,191,0,singleton,0,
277,197.8072,507.196,10203500.0,1.0,192,0,singleton,0,
278,593.1213,448.027,5341000.0,-1.0,193,0,adduct,0,[M-H]-
281,683.1719,448.027,5113000.0,-1.0,194,1,adduct,0,[2M-H]-
283,729.1778,446.621,3172000.0,-1.0,195,1,adduct,0,[2M-H+HCOOH]-
284,743.1392,438.104,2821000.0,-1.0,196,0,adduct,0,[M-H]-
285,306.9481,175.916,2119000.0,-1.0,197,0,singleton,0,
290,207.9309,532.13,1084000.0,-1.0,198,0,singleton,0,
293,307.8558,513.661,497900.0,-1.0,199,0,adduct,0,[M-H]-
301,174.9551,183.442,4612000.0,1.0,200,0,adduct,0,[M-H]-
305,209.8331,507.258,439400.0,1.0,201,0,singleton,0,
306,132.8665,508.99,1513000.0,1.0,202,0,singleton,0,
307,833.1891,457.467,1274800.0,-1.0,203,0,precursor,0,
308,178.9768,511.769,483600.0,1.0,204,0,singleton,0,
309,235.9255,2.929,163000.0,-1.0,205,0,precursor,0,
310,205.839,15.565,986300.0,1.0,206,0,adduct,0,[M+Cl]-
311,190.9276,536.336,932600.0,1.0,207,0,adduct,0,[M-H]-
312,207.8362,15.43,753800.0,1.0,208,0,singleton,0,
316,207.9305,2.937,274900.0,-1.0,209,0,singleton,0,
317,197.8071,15.279,394400.0,1.0,210,0,singleton,0,
321,190.9275,2.905,922500.0,1.0,211,0,adduct,0,[M-H+HCOOH]-
322,195.8102,15.279,250800.0,1.0,212,0,singleton,0,
324,146.9376,536.601,578300.0,1.0,213,0,fragment,0,
325,173.9251,506.183,726200.0,1.0,214,0,precursor,0,
326,316.7378,16.102,253700.0,1.0,215,0,singleton,0,
330,167.0342,92.295,553300.0,-1.0,216,0,singleton,0,
331,144.9226,214.578,1427800.0,-1.0,217,0,singleton,0,
335,195.0655,187.39,286700.0,-1.0,218,0,singleton,0,
336,453.7864,512.857,166100.0,-1.0,219,0,singleton,0,
337,180.0416,160.824,62200.0,-1.0,220,0,singleton,0,
339,242.9434,8.009,411700.0,-1.0,221,0,adduct,0,[M-H]-
342,567.0879,457.698,152800.0,-1.0,222,1,adduct,0,[M-H+HCOOH]-
343,307.8561,537.668,106600.0,-1.0,223,0,singleton,0,
345,166.0259,132.989,48400.0,-1.0,224,0,singleton,0,
346,173.9255,185.062,287900.0,1.0,225,0,singleton,0,
347,209.8332,15.502,77800.0,1.0,226,0,singleton,0,
348,239.9029,181.556,121700.0,-1.0,227,0,singleton,0,
349,391.1394,160.235,253600.0,-1.0,228,0,singleton,0,
350,167.034,177.242,14000000.0,-1.0,229,0,singleton,0,
351,219.066,151.86,131600.0,-1.0,230,0,singleton,0,
352,310.9309,13.632,322600.0,-1.0,231,0,adduct,0,[M-2H+Na+HCOOH]-
353,178.9766,537.303,130600.0,1.0,232,0,singleton,0,
354,375.8433,515.687,98500.0,-1.0,233,0,adduct,0,[M-2H+Na+HCOOH]-
355,255.822,16.022,128000.0,-1.0,234,0,singleton,0,
356,385.994,186.654,147400.0,-1.0,235,0,singleton,0,
358,318.7378,16.477,161700.0,1.0,236,0,singleton,0,
360,383.1894,406.92,3251000.0,-1.0,237,0,fragment,0,
361,180.9726,185.281,232800.0,1.0,238,0,singleton,0,
362,315.182,187.521,154200.0,-1.0,239,0,singleton,0,
365,180.9723,537.303,160000.0,1.0,240,0,singleton,0,
366,178.977,185.125,107400.0,1.0,241,0,singleton,0,
367,151.039,537.921,173600.0,-1.0,242,0,singleton,0,
368,445.0847,400.745,141500.0,-1.0,243,0,fragment,0,
370,471.2029,352.144,36000.0,-1.0,244,0,singleton,0,
372,307.8563,0.973,77300.0,-1.0,245,0,singleton,0,
373,967.1958,449.853,421800.0,-1.0,246,0,singleton,0,
374,521.0813,448.587,90400.0,-1.0,247,0,adduct,0,[M-H]-
377,803.1065,478.157,150000.0,-1.0,248,0,singleton,0,
379,307.856,5.684,39500.0,-1.0,249,0,singleton,0,
380,803.1059,435.721,229600.0,-1.0,250,0,singleton,0,
381,320.8868,21.838,94300.0,-1.0,251,0,singleton,0,
382,256.9552,187.374,80600.0,-1.0,252,0,singleton,0,
384,375.1096,265.491,385400000.0,-1.0,253,0,singleton,0,
385,667.1412,464.678,199900.0,-1.0,254,0,singleton,0,
386,352.8541,536.474,60300.0,-1.0,255,0,singleton,0,
387,307.8568,21.477,88600.0,-1.0,256,0,singleton,0,
388,167.0348,6.995,128700.0,-1.0,257,0,singleton,0,
392,234.8194,504.005,119900.0,-1.0,258,0,singleton,0,
393,206.9725,538.422,96400.0,1.0,259,0,singleton,0,
394,1026.1631,445.485,244200.0,-1.0,260,0,singleton,0,
396,336.8586,537.782,74000.0,-1.0,261,0,singleton,0,
397,180.9725,218.704,111400.0,-1.0,262,0,singleton,0,
398,239.903,211.414,91000.0,-1.0,263,0,singleton,0,
400,242.9431,537.098,127500.0,1.0,264,1,adduct,0,[M-2H+Na+HCOOH]-
401,182.988,219.978,187900.0,1.0,265,0,singleton,0,
402,636.1283,448.217,54000.0,-1.0,266,0,singleton,0,
403,285.9086,7.032,161400.0,-1.0,267,1,adduct,0,[M-H+HCOOH]-
404,313.0783,472.101,351700.0,1.0,268,0,singleton,0,
405,951.2347,472.071,315100.0,-1.0,269,0,singleton,0,
408,304.9141,9.048,184300.0,-1.0,270,0,adduct,0,[2M-H+HCOOH]-
409,239.0591,182.976,135400.0,-1.0,271,0,singleton,0,
410,817.1628,463.29,159800.0,-1.0,272,0,singleton,0,
411,521.0825,394.259,80100.0,-1.0,273,0,fragment,0,
412,875.1459,448.658,124600.0,-1.0,274,0,singleton,0,
413,321.0772,267.024,7618000.0,-1.0,275,0,singleton,0,
414,595.0998,464.475,102000.0,-1.0,276,0,singleton,0,
415,158.9774,12.944,176900.0,-1.0,277,0,singleton,0,
416,228.9917,164.044,118100.0,-1.0,278,0,singleton,0,
417,343.0827,349.231,146900.0,-1.0,279,0,singleton,0,
418,315.2542,252.595,88500.0,-1.0,280,0,singleton,0,
419,230.9558,12.745,151900.0,-1.0,281,0,singleton,0,
420,191.0349,184.427,346200.0,-1.0,282,0,singleton,0,
421,239.0593,276.258,108900.0,-1.0,283,0,singleton,0,
422,326.0833,189.524,200200.0,1.0,284,0,singleton,0,
424,422.9184,300.404,2651000.0,-1.0,285,0,singleton,0,
425,717.108,408.494,365300.0,-1.0,286,0,singleton,0,
426,193.086,181.691,141300.0,1.0,287,0,singleton,0,
427,179.0343,4.511,130500.0,-1.0,288,0,singleton,0,
428,471.2028,322.956,1262000.0,-1.0,289,0,singleton,0,
429,137.0229,132.96,100600.0,-1.0,290,0,singleton,0,
430,387.0729,194.738,104900.0,-1.0,291,0,singleton,0,
431,310.9315,189.536,202600.0,-1.0,292,0,singleton,0,
432,389.1244,239.981,270900.0,-1.0,293,0,singleton,0,
434,279.2335,343.884,787000.0,-1.0,294,0,singleton,0,
435,385.2955,333.642,124050000.0,-1.0,295,0,adduct,0,[M-H]-
436,771.5987,333.642,221300000.0,-1.0,296,1,adduct,0,[2M-H]-
437,201.1486,333.642,27280000.0,-1.0,297,0,singleton,0,
438,371.2798,322.033,16600000.0,-1.0,298,0,adduct,0,[M-H]-
440,485.2189,336.774,4377000.0,-1.0,299,0,singleton,0,
441,743.5675,321.571,14472000.0,-1.0,300,1,adduct,0,[2M-H]-
443,793.5804,337.381,7766000.0,-1.0,301,0,adduct,0,[2M-2H+Na]-
444,174.9549,505.719,3497000.0,1.0,302,0,adduct,0,[M-H]-
446,144.9222,504.796,14486000.0,-1.0,303,0,adduct,0,[M-H]-
449,765.5491,322.033,2680000.0,-1.0,304,0,adduct,0,[2M-2H+Na]-
450,187.1328,322.033,372200.0,-1.0,305,0,singleton,0,
451,355.1582,375.196,3258000.0,-1.0,306,0,adduct,0,[M-H]-
453,312.8363,504.764,1214100.0,-1.0,307,1,adduct,0,[2M-2H+Na]-
454,207.836,507.54,2231000.0,1.0,308,0,adduct,0,[M+Cl]-
459,439.2672,322.033,862100.0,-1.0,309,0,adduct,0,[M-2H+Na+HCOOH]-
460,134.8933,504.867,241700.0,-1.0,310,0,singleton,0,
461,200.8582,504.247,847400.0,-1.0,311,1,adduct,0,[2M-H]-
462,215.868,508.502,1261300.0,-1.0,312,1,adduct,0,[2M-H+HCOOH]-
465,201.1488,282.564,395200.0,-1.0,313,0,singleton,0,
466,357.265,293.915,897900.0,-1.0,314,0,singleton,0,
467,146.9374,513.842,1408800.0,1.0,315,0,fragment,0,
468,343.2494,283.465,764000.0,-1.0,316,0,singleton,0,
471,453.283,331.395,444700.0,-1.0,317,0,adduct,0,[M-2H+Na+HCOOH]-
472,743.1394,457.448,3598000.0,-1.0,318,0,adduct,0,[M-H]-
475,217.865,508.519,556900.0,-1.0,319,0,adduct,0,[M-H+HCOOH]-
476,471.2047,321.571,601900.0,-1.0,320,0,singleton,0,
477,225.8968,508.606,461100.0,-1.0,321,0,singleton,0,
479,1201.8634,333.642,1314600.0,-1.0,322,0,precursor,0,
480,757.5833,331.075,828600.0,-1.0,323,0,singleton,0,
481,336.8587,512.94,777200.0,-1.0,324,1,adduct,0,[2M-H+HCOOH]-
482,385.2968,376.568,490800.0,-1.0,325,0,singleton,0,
484,322.8868,505.687,618200.0,-1.0,326,0,precursor,0,
485,421.2725,337.381,465100.0,1.0,327,0,adduct,0,[M+Cl]-
487,134.8641,508.905,1819700.0,1.0,328,0,singleton,0,
492,405.1735,298.276,487500.0,-1.0,329,0,singleton,0,
493,242.943,505.213,741900.0,-1.0,330,1,adduct,0,[M-2H+Na+HCOOH]-
495,222.8293,507.514,166700.0,1.0,331,0,singleton,0,
496,224.8264,507.609,169000.0,1.0,332,0,singleton,0,
497,293.1791,333.642,365500.0,1.0,333,0,singleton,0,
500,470.2733,331.395,392300.0,-1.0,334,0,singleton,0,
502,325.1851,328.35,277400.0,-1.0,335,0,singleton,0,
503,448.2906,337.381,360800.0,-1.0,336,0,singleton,0,
504,483.2259,337.381,337800.0,1.0,337,0,singleton,0,
506,132.9222,505.227,1356700.0,1.0,338,0,adduct,0,[M+Cl]-
507,520.9096,13.749,82000.0,-1.0,339,0,singleton,0,
508,125.8718,508.098,146400.0,1.0,340,0,singleton,0,
512,180.9724,511.714,632000.0,1.0,341,0,singleton,0,
514,893.5056,339.201,553300.0,-1.0,342,0,singleton,0,
515,228.8533,504.002,300400.0,-1.0,343,0,singleton,0,
516,279.0877,186.512,169700.0,-1.0,344,0,singleton,0,
517,1213.8213,333.642,1876000.0,-1.0,345,0,singleton,0,
521,385.2957,407.183,626500.0,1.0,346,0,precursor,0,
522,399.1842,406.902,398800.0,-1.0,347,0,singleton,0,
523,299.9191,505.019,135400.0,-1.0,348,1,adduct,0,[M-2H+Na+HCOOH]-
525,525.2121,339.201,417700.0,-1.0,349,0,singleton,0,
527,588.8972,13.749,73800.0,-1.0,350,0,singleton,0,
528,180.9723,13.596,333900.0,1.0,351,0,singleton,0,
529,229.9006,504.787,81600.0,1.0,352,0,singleton,0,
533,468.2176,334.606,215700.0,1.0,353,0,singleton,0,
534,516.2027,322.033,275200.0,-1.0,354,0,precursor,0,
536,446.2759,309.044,225400.0,-1.0,355,0,singleton,0,
537,456.2577,322.033,209500.0,-1.0,356,0,singleton,0,
538,1195.8491,333.642,1057000.0,1.0,357,0,singleton,0,
539,174.9554,326.736,319900.0,1.0,358,0,singleton,0,
541,965.1953,450.416,930700.0,-1.0,359,0,singleton,0,
542,453.7865,512.466,198400.0,-1.0,360,0,precursor,0,
544,328.8102,504.826,345100.0,1.0,361,1,adduct,0,[2M-2H+K]-
545,320.8862,511.09,296000.0,-1.0,362,0,adduct,0,[M-2H+K]-
548,182.9878,503.862,681000.0,1.0,363,0,singleton,0,
549,201.1488,408.983,110100.0,-1.0,364,0,fragment,0,
550,967.1948,450.28,387500.0,-1.0,365,0,singleton,0,
551,146.9647,16.35,631200.0,1.0,366,0,singleton,0,
552,553.2078,343.909,331300.0,-1.0,367,0,precursor,0,
553,199.8503,504.129,135300.0,1.0,368,0,singleton,0,
555,144.9226,351.538,2558300.0,-1.0,369,0,fragment,0,
556,134.8933,332.493,373200.0,-1.0,370,0,singleton,0,
557,194.9056,336.701,177700.0,1.0,371,0,singleton,0,
558,371.1532,376.424,249600.0,-1.0,372,0,singleton,0,
559,328.8303,506.353,541900.0,-1.0,373,1,adduct,0,[3M+Cl]-
560,483.3073,322.033,146000.0,-1.0,374,0,singleton,0,
562,129.935,506.076,252400.0,-1.0,375,0,fragment,0,
565,411.2362,282.564,124800.0,-1.0,376,0,singleton,0,
567,222.8403,504.691,75200.0,-1.0,377,1,adduct,0,[2M-2H+Na]-
569,309.1742,299.301,162400.0,1.0,378,0,singleton,0,
570,491.1832,407.065,203500.0,-1.0,379,0,precursor,0,
572,501.2384,322.033,117400.0,-1.0,380,0,singleton,0,
574,311.1689,295.249,167700.0,1.0,381,0,fragment,0,
578,192.9974,407.975,172500.0,1.0,382,0,singleton,0,
580,507.2543,324.122,105000.0,-1.0,383,0,singleton,0,
581,198.8636,504.376,113100.0,1.0,384,0,singleton,0,
583,192.9976,424.351,785100.0,-1.0,385,0,singleton,0,
584,789.1441,445.258,229500.0,-1.0,386,0,adduct,0,[M-H+HCOOH]-
586,311.2014,303.431,257600.0,-1.0,387,0,precursor,0,
588,184.8629,504.108,155800.0,1.0,388,0,singleton,0,
589,221.0819,176.934,43100.0,-1.0,389,0,singleton,0,
590,299.2589,349.722,113300.0,-1.0,390,0,singleton,0,
592,1025.1655,442.79,582700.0,-1.0,391,0,singleton,0,
593,182.988,178.032,243500.0,1.0,392,0,singleton,0,
594,144.9224,313.284,558700.0,-1.0,393,0,fragment,0,
595,184.9289,500.62,264700.0,1.0,394,0,singleton,0,
600,201.1488,191.727,87900.0,-1.0,395,0,singleton,0,
601,353.1637,375.123,215700.0,1.0,396,0,singleton,0,
602,217.1439,306.293,46600.0,-1.0,397,0,singleton,0,
604,417.2855,320.063,78600.0,-1.0,398,0,adduct,0,[M-H+HCOOH]-
605,134.8933,406.29,244900.0,-1.0,399,0,singleton,0,
606,145.9296,535.49,46800.0,1.0,400,0,singleton,0,
608,461.1162,409.416,439700.0,-1.0,401,0,precursor,0,
609,182.988,323.679,186200.0,1.0,402,0,singleton,0,
610,965.1958,499.605,896300.0,-1.0,403,0,adduct,0,[M-H]-
611,285.9086,533.228,181400.0,-1.0,404,1,adduct,0,[M-H+HCOOH]-
612,204.9063,13.281,43700.0,1.0,405,0,singleton,0,
614,173.1172,303.39,37800.0,1.0,406,0,singleton,0,
615,367.2491,276.693,28200.0,-1.0,407,0,singleton,0,
621,202.9056,13.301,24700.0,1.0,408,0,singleton,0,
624,218.809,15.875,117500.0,-1.0,409,0,singleton,0,
625,443.1724,279.751,213900.0,-1.0,410,0,singleton,0,
626,134.8936,373.04,377000.0,-1.0,411,0,singleton,0,
627,875.1459,449.996,131200.0,-1.0,412,0,singleton,0,
628,327.291,377.367,102400.0,1.0,413,0,singleton,0,
629,200.9241,502.586,459600.0,1.0,414,0,singleton,0,
630,875.1447,449.43,130100.0,-1.0,415,0,singleton,0,
635,216.8087,15.785,72400.0,1.0,416,0,singleton,0,
637,733.3059,375.123,275000.0,-1.0,417,1,adduct,0,[2M-2H+Na]-
639,129.9745,15.781,789100.0,1.0,418,0,singleton,0,
640,423.1453,375.123,238800.0,-1.0,419,1,adduct,0,[M-2H+Na+HCOOH]-
641,221.154,268.935,98300.0,-1.0,420,0,singleton,0,
642,145.9296,3.117,73900.0,1.0,421,0,singleton,0,
645,507.1214,498.067,92700.0,-1.0,422,0,singleton,0,
646,815.1794,458.989,106000.0,-1.0,423,0,singleton,0,
647,328.8317,442.385,146300.0,-1.0,424,0,singleton,0,
648,965.1973,479.89,312000.0,-1.0,425,0,singleton,0,
650,217.8095,16.007,143800.0,1.0,426,0,singleton,0,
651,195.0292,140.251,181400000.0,-1.0,427,0,singleton,0,
652,343.0832,293.608,161600000.0,-1.0,428,0,singleton,0,
653,164.9261,15.182,130800.0,1.0,429,0,adduct,0,[M+Cl]-
654,239.059,472.175,101200.0,-1.0,430,0,singleton,0,
656,265.1475,292.747,1080300.0,-1.0,431,0,singleton,0,
657,1025.1623,494.878,242000.0,-1.0,432,0,singleton,0,
660,134.8936,296.684,131900.0,1.0,433,0,singleton,0,
661,1011.2023,498.629,550300.0,-1.0,434,0,adduct,0,[M-H+HCOOH]-
662,215.8108,16.086,92000.0,1.0,435,0,singleton,0,
663,230.956,538.256,71200.0,-1.0,436,0,singleton,0,
664,194.9055,296.993,480700.0,1.0,437,0,singleton,0,
665,315.2541,246.07,93200.0,-1.0,438,0,singleton,0,
667,146.9652,295.326,295000.0,1.0,439,0,singleton,0,
668,521.0828,392.569,171700.0,-1.0,440,0,singleton,0,
670,211.0085,419.234,135000.0,1.0,441,0,singleton,0,
671,875.1454,499.802,95000.0,-1.0,442,0,singleton,0,
672,235.9261,179.401,183700.0,-1.0,443,0,singleton,0,
673,893.1585,465.163,314700.0,-1.0,444,0,singleton,0,
674,803.1071,477.779,183200.0,-1.0,445,0,singleton,0,
675,636.13,447.963,67300.0,-1.0,446,0,singleton,0,
676,313.0794,401.338,151300.0,-1.0,447,0,singleton,0,
677,165.0397,472.301,89400.0,-1.0,448,0,singleton,0,
678,239.0597,340.421,94500.0,-1.0,449,0,singleton,0,
679,525.2126,303.188,204880000.0,-1.0,450,0,singleton,0,
680,459.1664,275.86,156000.0,1.0,451,0,singleton,0,
681,313.0789,423.858,493100.0,1.0,452,0,singleton,0,
682,579.1945,324.733,168000.0,-1.0,453,0,singleton,0,
683,293.1772,333.581,115000.0,-1.0,454,0,singleton,0,
684,242.9432,190.569,130500.0,-1.0,455,1,adduct,0,[M-2H+Na+HCOOH]-
685,285.2438,276.56,142100.0,-1.0,456,0,singleton,0,
686,399.275,254.609,1391000.0,-1.0,457,0,singleton,0,
687,829.1515,439.068,100400.0,-1.0,458,0,singleton,0,
688,293.1777,221.485,195100.0,1.0,459,0,singleton,0,
689,365.2332,289.338,70130000.0,-1.0,460,0,fragment,0,
690,485.1828,237.61,1170200.0,-1.0,461,0,singleton,0,
691,179.0348,325.92,307000.0,-1.0,462,0,singleton,0,
692,567.0921,403.636,238800.0,-1.0,463,0,singleton,0,
693,129.9748,280.679,480900.0,1.0,464,0,singleton,0,
694,165.0402,422.712,82000.0,-1.0,465,0,singleton,0,
695,378.9188,196.842,86900.0,-1.0,466,0,singleton,0,
696,1025.255,493.974,180700.0,-1.0,467,0,singleton,0,
697,411.0043,236.17,313400.0,-1.0,468,0,singleton,0,
698,457.1881,283.479,313700000.0,-1.0,469,0,singleton,0,
700,591.1998,309.81,570800.0,-1.0,470,0,singleton,0,
701,365.2335,478.373,128600.0,-1.0,471,0,singleton,0,
702,431.1852,224.963,39700.0,-1.0,472,0,singleton,0,
703,357.0619,222.688,234600.0,-1.0,473,0,singleton,0,
704,299.2601,310.437,800900.0,-1.0,474,0,singleton,0,
705,178.8142,16.11,357900.0,1.0,475,0,singleton,0,
706,401.2539,318.263,161500000.0,-1.0,476,0,adduct,0,[M-H]-
707,803.5161,318.381,130600000.0,-1.0,477,1,adduct,0,[2M-H]-
708,387.2389,298.034,11699000.0,-1.0,478,0,adduct,0,[M-H]-
710,501.1794,320.016,2919000.0,-1.0,479,0,singleton,0,
711,683.1722,448.038,3836000.0,-1.0,480,1,adduct,0,[2M-H]-
712,307.2281,318.381,484700.0,-1.0,481,0,fragment,0,
713,825.4976,321.532,2216600.0,-1.0,482,1,adduct,0,[2M-2H+Na]-
716,283.2277,316.787,159100.0,-1.0,483,0,singleton,0,
717,297.2444,292.223,843000.0,-1.0,484,0,singleton,0,
719,639.1277,447.959,482700.0,-1.0,485,1,adduct,0,[M-H+HCOOH]-
720,404.2619,318.381,648500.0,1.0,486,0,singleton,0,
723,856.4272,318.263,561400.0,-1.0,487,0,singleton,0,
724,253.2537,297.894,271300.0,-1.0,488,0,singleton,0,
725,415.2701,350.685,525800.0,-1.0,489,0,singleton,0,
726,868.4279,318.263,662400.0,-1.0,490,0,singleton,0,
727,369.229,308.758,389600.0,1.0,491,0,fragment,0,
730,174.955,539.817,706300.0,1.0,492,0,adduct,0,[M-H]-
731,469.2424,323.506,505500.0,-1.0,493,1,adduct,0,[M-2H+Na+HCOOH]-
732,253.2525,318.263,112800.0,-1.0,494,0,singleton,0,
734,418.2889,350.685,324300.0,-1.0,495,0,singleton,0,
735,507.1224,382.376,2665000.0,-1.0,496,0,singleton,0,
736,311.2593,320.222,242200.0,-1.0,497,0,singleton,0,
737,339.2541,318.263,240300.0,1.0,498,0,fragment,0,
738,486.1556,298.118,195800.0,-1.0,499,0,singleton,0,
740,456.1817,326.868,277200.0,-1.0,500,0,singleton,0,
743,187.0967,105.018,318700.0,-1.0,501,0,singleton,0,
745,455.2262,298.118,269600.0,-1.0,502,1,adduct,0,[M-2H+Na+HCOOH]-
746,789.1433,445.547,180400.0,-1.0,503,0,adduct,0,[M-H+HCOOH]-
747,885.4304,318.263,404100.0,-1.0,504,0,singleton,0,
748,500.1704,326.868,298400.0,1.0,505,0,singleton,0,
749,499.1854,321.532,236400.0,1.0,506,0,singleton,0,
750,243.1598,189.894,244300.0,1.0,507,0,singleton,0,
751,789.1455,457.08,430700.0,-1.0,508,0,adduct,0,[M-H+HCOOH]-
754,144.9222,337.081,967900.0,-1.0,509,0,singleton,0,
756,145.0121,321.532,39900.0,1.0,510,0,singleton,0,
758,441.1578,298.118,209400.0,-1.0,511,0,singleton,0,
759,484.1765,333.408,132900.0,-1.0,512,0,singleton,0,
761,311.2228,298.118,143500.0,1.0,513,0,singleton,0,
762,321.241,298.923,85600.0,-1.0,514,0,singleton,0,
763,146.9376,2.266,542600.0,1.0,515,0,fragment,0,
765,471.2034,376.726,102800.0,-1.0,516,0,singleton,0,
766,415.2342,198.803,94100.0,-1.0,517,0,singleton,0,
767,789.1454,432.344,524400.0,-1.0,518,1,adduct,0,[M-H+HCOOH]-
768,429.2857,355.834,93100.0,-1.0,519,0,singleton,0,
769,424.1565,299.59,99500.0,-1.0,520,0,singleton,0,
771,285.9087,522.017,142800.0,-1.0,521,1,adduct,0,[M-H+HCOOH]-
772,239.903,20.832,70500.0,-1.0,522,0,singleton,0,
773,461.2761,283.552,151900.0,-1.0,523,0,singleton,0,
774,173.0811,82.796,104300.0,1.0,524,0,singleton,0,
775,471.191,298.118,110500.0,-1.0,525,0,singleton,0,
776,357.2652,342.391,105200.0,-1.0,526,0,singleton,0,
778,146.9375,77.359,251500.0,1.0,527,0,singleton,0,
779,431.2297,181.677,103800.0,-1.0,528,0,singleton,0,
781,471.2031,398.143,52000.0,-1.0,529,0,singleton,0,
782,271.2276,335.674,77100.0,-1.0,530,0,singleton,0,
783,417.2496,211.464,69500.0,-1.0,531,0,singleton,0,
784,178.9772,15.404,142800.0,-1.0,532,0,singleton,0,
786,343.2494,307.778,15450000.0,1.0,533,0,singleton,0,
787,315.1815,187.764,112200.0,-1.0,534,0,singleton,0,
788,152.9776,10.051,176300.0,1.0,535,0,singleton,0,
790,320.8862,3.253,121100.0,-1.0,536,0,precursor,0,
791,192.9975,323.422,117200.0,-1.0,537,0,singleton,0,
792,671.0999,432.45,270500.0,-1.0,538,0,singleton,0,
793,215.1283,149.22,87400.0,-1.0,539,0,singleton,0,
795,295.2282,344.538,50400.0,1.0,540,0,singleton,0,
799,367.2489,378.828,285300.0,-1.0,541,0,singleton,0,
800,299.2232,296.522,105000000.0,-1.0,542,0,singleton,0,
801,1025.1622,446.414,279800.0,-1.0,543,0,singleton,0,
802,258.9163,2.909,148800.0,-1.0,544,0,singleton,0,
803,803.1064,435.386,144300.0,-1.0,545,0,singleton,0,
806,397.167,297.869,284600.0,-1.0,546,0,singleton,0,
809,343.0834,323.308,726000.0,-1.0,547,0,singleton,0,
811,333.0985,196.094,16712000.0,-1.0,548,0,singleton,0,
812,875.146,451.344,136800.0,-1.0,549,0,singleton,0,
813,255.2328,296.617,352300.0,-1.0,550,0,singleton,0,
814,285.2436,337.378,62100.0,-1.0,551,0,singleton,0,
815,313.2753,357.622,129100.0,-1.0,552,0,singleton,0,
816,299.2598,353.689,140400.0,-1.0,553,0,singleton,0,
817,341.3062,391.457,243700.0,-1.0,554,0,singleton,0,
818,297.2443,356.53,266800.0,-1.0,555,0,singleton,0,
819,243.1968,291.25,119900.0,1.0,556,0,singleton,0,
820,327.2548,349.363,1955000.0,-1.0,557,0,singleton,0,
822,401.2188,198.274,242500.0,-1.0,558,0,singleton,0,
823,383.2085,283.166,82500.0,-1.0,559,0,singleton,0,
824,299.9193,420.36,153300.0,-1.0,560,0,singleton,0,
825,313.2393,283.823,172300.0,1.0,561,0,singleton,0,
826,327.9109,13.97,400400.0,0.0,,0,neutral,2,
827,145.9304,2.33,1030200.0,0.0,,0,neutral,2,
828,243.9512,10.82,734300.0,0.0,,0,neutral,2,
829,129.9576,9.94,1099100.0,0.0,,0,neutral,3,
830,145.9308,504.8,16615900.0,0.0,,0,neutral,4,
831,145.9302,512.95,3490200.0,0.0,,0,neutral,2,
832,283.939,508.43,662900.0,0.0,,0,neutral,2,
833,175.963,505.47,4238900.0,0.0,,0,neutral,2,
834,385.9428,13.9,934800.0,0.0,,0,neutral,2,
835,372.2876,321.55,34692700.0,0.0,,0,neutral,5,
836,386.3033,334.69,354025800.0,0.0,,0,neutral,5,
837,744.1467,441.38,4330000.0,0.0,,0,neutral,5,
838,522.0897,453.07,507900.0,0.0,,0,neutral,4,
839,85.4351,507.97,3927700.0,0.0,,0,neutral,2,
840,97.9536,506.0,2185600.0,0.0,,0,neutral,3,
841,402.262,320.42,294822100.0,0.0,,0,neutral,4,
842,100.9331,504.57,990700.0,0.0,,0,neutral,3,
843,356.1659,375.15,3771800.0,0.0,,0,neutral,3,
844,744.1473,457.32,4570900.0,0.0,,0,neutral,3,
845,145.9309,443.96,694100.0,0.0,,0,neutral,3,
846,306.0706,393.9,829000.0,0.0,,0,neutral,3,
847,342.09,447.56,12121000.0,0.0,,0,neutral,3,
848,172.8672,508.03,2787900.0,0.0,,0,neutral,2,
849,232.9393,505.27,1217200.0,0.0,,0,neutral,3,
850,240.9106,5.59,268700.0,0.0,,0,neutral,2,
851,388.2466,298.08,11968600.0,0.0,,0,neutral,2,
852,136.9773,210.32,353000.0,0.0,,0,neutral,2,
853,368.2572,275.88,97671000.0,0.0,,0,neutral,2,
854,240.9106,533.45,318700.0,0.0,,0,neutral,2,
855,966.2041,499.12,1446600.0,0.0,,0,neutral,2,
856,170.8702,15.57,1157400.0,0.0,,0,neutral,2,
857,175.9631,538.46,833800.0,0.0,,0,neutral,2,
858,308.8636,514.67,596400.0,0.0,,0,neutral,2,
859,462.1236,369.99,9760000.0,0.0,,0,neutral,2,
860,240.9106,518.92,314800.0,0.0,,0,neutral,2,
861,594.1296,447.99,5823700.0,0.0,,0,neutral,2,
862,175.9633,187.01,4742500.0,0.0,,0,neutral,2,
863,191.9359,534.52,1056200.0,0.0,,0,neutral,2,
